sensor,x,y,z,t_ms
gyr,-7,65,3,1.8676
acc,-0.023,-0.031,0.8828,4.4213
acc,-0.074,-0.019,0.8593,6.2197
acc,-0.035,-0.015,0.8398,7.5268
acc,-0.019,0.0,0.8710,8.4637
acc,-0.007,-0.070,0.8945,9.3759
comp,356.96,-34.04,641.24,12.852
acc,-0.054,-0.035,0.8828,13.787
acc,-0.054,-0.035,0.8828,14.711
acc,-0.050,-0.078,0.9218,15.624
acc,0.0078,-0.031,0.8828,16.533
gyr,-9,63,7,18.239
acc,-0.027,-0.039,0.8867,19.171
acc,-0.074,-0.031,0.9375,20.091
acc,-0.058,-0.027,0.8710,21.0
acc,-0.058,-0.027,0.8710,21.907
gyr,-6,64,3,23.598
acc,-0.035,-0.023,0.8867,24.527
acc,-0.042,0.0117,0.9414,25.462
acc,-0.031,-0.007,0.9531,26.415
acc,-0.031,-0.031,0.9296,27.326
acc,-0.031,-0.031,0.9296,28.235
comp,356.96,-34.04,641.24,31.615
acc,-0.050,-0.035,0.8828,32.538
acc,-0.035,0.0078,0.9218,33.456
acc,-0.054,-0.015,0.8984,34.363
acc,-0.054,-0.015,0.8984,35.27
gyr,-6,63,6,36.960
acc,-0.035,-0.027,0.875,37.897
acc,-0.015,-0.031,0.8593,38.824
acc,-0.027,-0.031,0.8515,39.734
acc,-0.039,-0.011,0.8984,40.643
gyr,-5,64,5,42.794
acc,-0.039,-0.023,0.8789,43.744
acc,-0.011,-0.042,0.875,44.669
acc,-0.027,-0.062,0.8789,45.581
acc,-0.031,-0.015,0.8554,46.490
acc,-0.031,-0.015,0.8554,47.403
comp,356.96,-34.04,641.24,50.825
acc,-0.042,-0.027,0.8867,51.749
acc,-0.046,-0.019,0.8593,52.670
acc,-0.046,-0.019,0.8593,53.588
acc,-0.050,-0.078,0.8789,54.501
gyr,-6,64,7,56.191
acc,-0.031,-0.023,0.8867,57.117
acc,-0.050,-0.011,0.9023,58.042
acc,-0.035,-0.011,0.8789,58.955
acc,-0.019,0.0234,0.8828,59.863
gyr,-10,66,8,61.576
acc,-0.035,-0.035,0.8867,62.499
acc,-0.035,-0.035,0.8867,63.417
acc,-0.062,-0.031,0.8867,64.327
acc,-0.039,-0.027,0.8984,65.238
acc,-0.011,-0.015,0.9140,66.146
comp,357.88,-34.04,641.24,69.540
acc,-0.035,-0.023,0.8789,70.474
acc,-0.031,-0.042,0.8945,71.394
acc,-0.046,0.0273,0.8203,72.302
acc,-0.039,0.0273,0.9023,73.209
gyr,-5,63,2,75.094
acc,-0.039,-0.035,0.8867,76.067
acc,-0.039,-0.011,0.9179,76.991
acc,-0.039,-0.011,0.9179,77.904
acc,-0.011,-0.035,0.8789,78.819
gyr,-7,65,8,82.128
acc,-0.031,-0.039,0.9296,83.076
acc,-0.031,-0.039,0.9296,83.998
acc,-0.023,-0.031,0.8593,84.968
acc,-0.027,0.0195,0.9531,85.894
acc,-0.019,-0.039,0.8906,86.823
comp,357.88,-34.04,641.24,90.253
acc,-0.035,-0.031,0.8828,91.179
acc,-0.054,-0.027,0.8945,92.099
acc,-0.050,-0.031,0.8867,93.007
acc,-0.039,-0.019,0.9335,93.914
gyr,-8,66,0,96.017
acc,-0.031,-0.027,0.8906,96.958
acc,-0.027,-0.031,0.8867,97.877
acc,0.0546,-0.046,0.8554,98.793
acc,0.0546,-0.046,0.8554,99.705
gyr,-7,64,0,101.40
acc,-0.035,-0.042,0.875,102.32
acc,-0.035,-0.042,0.875,103.24
acc,-0.058,-0.023,0.9140,104.15
acc,-0.031,-0.062,0.8828,105.07
acc,-0.023,-0.074,0.8945,105.98
comp,357.88,-34.04,641.24,109.84
acc,-0.027,-0.046,0.8906,110.78
acc,-0.035,-0.054,0.8789,111.70
acc,-0.027,-0.039,0.8906,112.62
acc,-0.070,-0.027,0.9140,113.53
gyr,-6,62,6,115.68
acc,-0.042,-0.031,0.8710,116.63
acc,-0.027,-0.031,0.8632,117.55
acc,0.0117,-0.023,0.8867,118.46
acc,-0.011,-0.023,0.8554,119.37
gyr,-5,65,6,121.06
acc,-0.035,-0.035,0.8710,121.98
acc,-0.035,-0.035,0.8710,122.89
acc,-0.042,-0.035,0.8515,123.80
acc,-0.027,-0.007,0.8945,124.71
acc,-0.023,-0.039,0.9257,125.62
comp,357.88,-34.04,641.24,129.23
acc,-0.046,-0.031,0.875,130.17
acc,-0.027,-0.023,0.8828,131.08
acc,-0.007,-0.046,0.8867,131.99
acc,-0.035,-0.070,0.9023,132.90
gyr,-5,66,7,134.96
acc,-0.023,-0.031,0.8671,135.89
acc,-0.042,0.0039,0.875,136.81
acc,-0.042,-0.019,0.9179,137.72
acc,-0.042,-0.019,0.9179,138.67
gyr,-5,65,0,140.42
acc,-0.019,-0.039,0.8789,141.35
acc,-0.019,-0.039,0.8789,142.27
acc,-0.031,-0.027,0.9257,143.18
acc,-0.050,-0.015,0.8828,144.09
acc,-0.027,-0.046,0.9023,144.99
comp,357.88,-34.04,641.24,148.43
acc,-0.035,-0.023,0.8789,149.42
acc,-0.046,-0.042,0.8632,150.34
acc,-0.042,-0.023,0.8398,151.25
acc,-0.042,-0.035,0.8437,152.16
gyr,-6,62,6,154.10
acc,-0.035,-0.027,0.8789,155.04
acc,-0.035,-0.035,0.9335,155.96
acc,-0.035,-0.035,0.9335,156.87
acc,-0.042,-0.054,0.8867,157.79
gyr,-5,65,4,159.50
acc,-0.027,-0.046,0.8984,160.43
acc,0.0,0.0039,0.8984,161.35
acc,-0.046,-0.019,0.8789,162.26
acc,-0.050,-0.007,0.8828,163.17
acc,-0.050,-0.007,0.8828,164.08
comp,357.88,-34.04,641.24,168.18
acc,-0.042,-0.042,0.8828,169.12
acc,-0.042,-0.042,0.8828,170.06
acc,-0.046,-0.027,0.875,170.99
acc,-0.007,-0.062,0.875,171.92
gyr,-5,65,6,173.63
acc,-0.031,-0.042,0.8828,174.56
acc,-0.042,-0.015,0.8867,175.48
acc,-0.035,-0.011,0.875,176.39
acc,-0.035,-0.011,0.875,177.30
gyr,-7,65,5,179.00
acc,-0.039,-0.027,0.875,179.92
acc,-0.035,0.0078,0.9023,180.84
acc,-0.023,-0.019,0.9179,181.75
acc,-0.011,-0.007,0.9023,182.66
acc,-0.011,-0.007,0.9023,183.58
comp,357.88,-34.04,641.24,186.96
acc,-0.035,-0.035,0.875,187.88
acc,0.0117,-0.027,0.8476,188.81
acc,-0.019,-0.015,0.8906,189.72
acc,-0.019,-0.015,0.8906,190.63
gyr,-5,64,3,192.53
acc,-0.035,-0.027,0.8359,193.51
acc,-0.035,-0.027,0.8359,194.43
acc,-0.031,-0.035,0.8984,195.34
acc,-0.011,-0.027,0.8671,196.25
gyr,-7,65,5,198.02
acc,-0.011,-0.039,0.8828,198.96
acc,-0.019,-0.015,0.8320,199.88
acc,-0.019,-0.015,0.9062,200.79
acc,-0.019,-0.015,0.9062,201.70
acc,-0.023,-0.039,0.9062,202.61
comp,357.88,-34.04,641.24,207.33
acc,-0.042,-0.031,0.8867,208.28
acc,-0.039,-0.050,0.8945,209.20
acc,-0.039,-0.050,0.8945,210.11
acc,-0.007,-0.027,0.8710,211.03
gyr,-8,68,1,212.91
acc,-0.039,-0.027,0.875,213.84
acc,-0.027,0.0078,0.9101,214.76
acc,-0.031,0.0039,0.8242,215.68
acc,-0.015,-0.019,0.8867,216.59
gyr,-7,65,4,218.29
acc,-0.039,-0.039,0.8867,219.23
acc,-0.019,-0.011,0.9140,220.15
acc,-0.019,-0.011,0.9140,221.06
acc,-0.027,0.0234,0.9179,221.96
acc,0.0,-0.015,0.8125,222.87
comp,357.88,-34.04,641.24,226.84
acc,-0.035,-0.031,0.8867,227.81
acc,-0.042,-0.023,0.9179,228.74
acc,-0.042,-0.023,0.9179,229.65
acc,-0.031,-0.019,0.8632,230.56
gyr,-6,66,4,232.27
acc,-0.027,-0.031,0.8828,233.20
acc,-0.031,0.0,0.9218,234.13
acc,-0.042,-0.015,0.8710,235.03
acc,-0.027,-0.070,0.9218,235.94
gyr,-7,66,5,237.66
acc,-0.035,-0.035,0.8867,238.58
acc,-0.042,-0.007,0.8632,239.51
acc,-0.042,-0.007,0.8632,240.42
acc,-0.027,-0.031,0.9296,241.33
acc,-0.019,-0.019,0.9726,242.25
comp,357.88,-34.04,641.24,246.20
acc,-0.031,-0.042,0.8789,247.30
acc,-0.042,-0.011,0.8789,248.24
acc,0.0156,-0.027,0.8789,249.16
acc,0.0156,-0.027,0.8789,250.07
gyr,-5,62,5,251.77
acc,-0.031,-0.031,0.9140,252.69
acc,-0.035,-0.027,0.875,253.61
acc,-0.042,-0.015,0.9023,254.52
acc,-0.019,-0.019,0.8906,255.43
gyr,-8,63,2,257.46
acc,-0.023,-0.035,0.8593,258.41
acc,-0.062,-0.015,0.9062,259.33
acc,-0.035,-0.027,0.9531,260.24
acc,-0.035,-0.027,0.9531,261.15
acc,-0.039,-0.039,0.8867,262.06
comp,358.8,-34.04,642.16,265.66
acc,-0.031,-0.042,0.875,266.60
acc,-0.046,0.0078,0.9062,267.53
acc,-0.046,0.0078,0.9062,268.44
acc,-0.062,-0.042,0.8554,269.35
gyr,-7,62,6,271.23
acc,-0.031,-0.039,0.875,272.17
acc,-0.042,-0.039,0.8984,273.09
acc,-0.023,0.0273,0.8242,274.00
acc,-0.011,0.0078,0.8828,274.92
gyr,-4,63,2,276.62
acc,-0.035,-0.027,0.8867,277.54
acc,-0.015,-0.023,0.8867,278.47
acc,-0.015,-0.023,0.8867,279.38
acc,-0.023,-0.031,0.9140,280.28
acc,-0.023,-0.042,0.8945,281.19
comp,358.8,-34.04,642.16,284.97
acc,-0.035,-0.035,0.8671,285.91
acc,0.0,-0.015,0.8984,286.84
acc,0.0,-0.015,0.8984,287.77
acc,-0.050,-0.007,0.9062,288.69
gyr,-8,64,7,290.74
acc,-0.042,0.0078,0.8945,291.68
acc,-0.042,0.0078,0.8945,292.61
acc,-0.031,-0.023,0.8867,293.53
acc,-0.015,-0.011,0.875,294.44
gyr,-7,60,10,296.14
acc,-0.031,-0.019,0.8867,297.07
acc,-0.078,-0.027,0.8828,297.99
acc,-0.070,-0.035,0.8789,298.90
acc,-0.070,-0.035,0.8789,299.81
acc,-0.035,-0.027,0.8554,300.71
comp,358.8,-34.04,642.16,304.09
acc,-0.039,-0.054,0.8828,305.11
acc,-0.039,-0.054,0.8828,306.05
acc,-0.007,-0.054,0.8828,306.96
acc,-0.035,-0.042,0.8828,307.88
gyr,-8,64,2,309.57
acc,-0.035,-0.027,0.8828,310.50
acc,-0.046,-0.054,0.9023,311.42
acc,-0.023,-0.019,0.8828,312.33
acc,-0.023,-0.019,0.8828,313.24
gyr,-5,65,6,315.73
acc,-0.027,-0.035,0.8945,316.68
acc,-0.023,-0.031,0.7890,317.62
acc,0.0078,-0.011,0.8906,318.57
acc,0.0078,-0.011,0.8906,319.50
acc,-0.046,-0.027,0.8945,320.42
comp,356.04,-33.12,641.24,323.81
acc,-0.027,-0.042,0.8867,324.74
acc,-0.031,-0.027,0.8828,325.65
acc,-0.031,-0.027,0.8828,326.56
acc,-0.027,-0.027,0.8867,327.47
gyr,-9,65,2,329.56
acc,-0.031,-0.042,0.8632,330.53
acc,-0.031,-0.042,0.8632,331.45
acc,-0.031,-0.027,0.8906,332.36
acc,-0.011,-0.019,0.8867,333.27
gyr,-4,64,3,334.99
acc,-0.031,-0.035,0.8710,335.91
acc,-0.035,-0.046,0.875,336.82
acc,-0.039,-0.082,0.9335,337.74
acc,-0.039,-0.082,0.9335,338.65
acc,-0.078,-0.007,0.8945,339.56
comp,356.04,-33.12,641.24,342.94
acc,-0.042,-0.035,0.8593,343.86
acc,-0.042,-0.035,0.8593,344.77
acc,-0.015,0.0039,0.8632,345.68
acc,-0.031,-0.066,0.8710,346.59
gyr,-8,63,1,348.80
acc,-0.039,-0.027,0.8867,349.75
acc,-0.039,-0.042,0.8828,350.67
acc,-0.031,-0.027,0.9335,351.58
acc,-0.031,-0.027,0.9492,352.49
gyr,-9,63,1,354.36
acc,-0.039,-0.031,0.8789,355.29
acc,-0.046,0.0039,0.9101,356.21
acc,-0.046,0.0039,0.9101,357.12
acc,-0.031,-0.023,0.8398,358.03
acc,0.0,-0.019,0.8945,358.94
comp,356.04,-33.12,641.24,362.32
acc,-0.042,-0.042,0.9101,363.24
acc,-0.042,-0.042,0.9101,364.17
acc,-0.011,0.0117,0.8437,365.08
acc,-0.011,-0.070,0.8554,365.99
gyr,-7,65,5,367.74
acc,-0.042,-0.035,0.8867,368.76
acc,-0.031,-0.042,0.8828,369.70
acc,-0.113,-0.078,0.8828,370.63
acc,-0.113,-0.078,0.8828,371.54
gyr,-5,63,3,373.24
acc,-0.050,-0.035,0.8710,374.17
acc,-0.050,-0.035,0.8710,375.09
acc,-0.031,-0.015,0.8398,376.01
acc,-0.035,0.0,0.8789,376.92
acc,-0.035,0.0312,0.8828,377.83
comp,356.04,-33.12,641.24,381.22
acc,-0.027,-0.035,0.8710,382.15
acc,0.0078,-0.062,0.8789,383.07
acc,-0.066,-0.023,0.8906,383.99
acc,-0.066,-0.023,0.8906,384.89
gyr,-9,64,6,386.58
acc,-0.042,-0.050,0.9179,387.51
acc,-0.042,-0.050,0.9179,388.43
acc,-0.042,-0.015,0.8789,389.34
acc,-0.015,-0.027,0.8984,390.25
gyr,-5,62,4,393.00
acc,-0.019,-0.031,0.8828,394.02
acc,-0.027,-0.085,0.8906,408.01
acc,-0.027,-0.042,0.8671,408.99
acc,-0.042,-0.019,0.875,409.92
acc,-0.031,-0.027,0.875,410.84
comp,359.72,-34.96,644.0,414.46
acc,-0.027,-0.019,0.8906,415.41
acc,-0.027,-0.019,0.8906,416.36
acc,-0.039,-0.011,0.9570,417.28
acc,-0.027,-0.007,0.8828,418.19
gyr,-4,63,3,419.90
acc,-0.019,-0.031,0.8867,420.83
acc,-0.035,-0.035,0.9453,421.75
acc,-0.046,-0.027,0.9101,422.66
acc,-0.046,-0.027,0.9101,423.57
gyr,-5,63,4,425.64
acc,-0.035,-0.031,0.8789,426.59
acc,-0.007,-0.039,0.875,427.52
acc,-0.007,-0.039,0.875,428.45
acc,-0.039,-0.031,0.8984,429.36
acc,-0.035,0.0156,0.8828,430.27
comp,359.72,-34.96,644.0,433.91
acc,-0.039,-0.035,0.8789,434.85
acc,-0.039,-0.035,0.8789,435.77
acc,-0.023,0.0195,0.8867,436.68
acc,0.0117,-0.019,0.8359,437.59
gyr,-5,65,2,439.29
acc,-0.039,-0.023,0.8789,440.22
acc,0.0156,-0.042,0.9023,441.14
acc,0.0156,-0.042,0.9023,442.10
acc,-0.039,-0.015,0.8710,443.05
gyr,-5,63,1,445.10
acc,-0.027,-0.031,0.8710,446.04
acc,-0.035,-0.054,0.9179,447.03
acc,-0.035,-0.054,0.9179,447.95
acc,-0.062,-0.031,0.8789,448.86
acc,0.0117,-0.011,0.8828,449.77
comp,357.88,-34.04,641.24,453.16
acc,-0.027,-0.042,0.8828,454.09
acc,-0.027,-0.042,0.8398,455.01
acc,-0.019,-0.011,0.8085,455.92
acc,-0.042,-0.015,0.8789,456.84
gyr,-8,64,4,460.78
acc,-0.031,-0.039,0.8906,462.55
acc,-0.027,-0.042,0.8984,463.53
acc,-0.027,-0.027,0.9140,464.46
acc,-0.046,-0.027,0.8984,465.37
gyr,-7,65,1,467.24
acc,-0.035,-0.031,0.8828,468.18
acc,0.0,-0.035,0.8789,469.09
acc,-0.054,-0.039,0.9335,470.00
acc,-0.054,-0.039,0.9335,470.91
acc,-0.046,-0.031,0.9179,471.93
comp,357.88,-34.04,641.24,475.21
acc,-0.035,-0.035,0.9023,476.13
acc,-0.035,-0.035,0.9023,477.15
acc,-0.023,-0.015,0.9218,478.07
acc,-0.039,-0.027,0.8906,478.98
gyr,-8,63,6,480.56
acc,-0.042,-0.035,0.8984,481.47
acc,-0.035,-0.007,0.8906,482.49
acc,-0.015,0.0078,0.8906,483.42
acc,-0.015,0.0078,0.8906,484.33
gyr,-4,65,9,485.90
acc,-0.039,-0.023,0.8906,486.82
acc,-0.031,-0.054,0.8710,487.84
acc,-0.019,0.0,0.8710,488.76
acc,-0.027,-0.042,0.8476,489.68
acc,-0.027,-0.042,0.8476,490.59
comp,357.88,-34.04,641.24,494.84
acc,-0.027,-0.031,0.8789,495.78
acc,-0.011,-0.042,0.875,496.74
acc,-0.011,-0.042,0.875,497.66
acc,-0.031,-0.035,0.9218,498.58
gyr,-8,64,7,500.29
acc,-0.019,-0.031,0.8828,501.22
acc,-0.058,0.0195,0.7968,502.14
acc,-0.066,-0.054,0.9257,503.04
acc,-0.066,-0.054,0.9257,503.95
gyr,-4,66,4,505.73
acc,-0.031,-0.039,0.8789,506.68
acc,-0.042,-0.042,0.9335,507.60
acc,-0.042,-0.042,0.9335,508.51
acc,-0.023,-0.058,0.8671,509.42
acc,-0.027,-0.039,0.8906,510.33
comp,357.88,-34.04,641.24,513.71
acc,-0.035,-0.031,0.8906,514.63
acc,-0.007,-0.019,0.8789,515.56
acc,-0.031,-0.015,0.875,516.47
acc,-0.031,-0.027,0.8593,517.38
gyr,-8,64,5,519.80
acc,-0.035,-0.019,0.8906,520.74
acc,-0.035,-0.035,0.9765,521.66
acc,-0.027,0.0468,0.9023,522.58
acc,0.0117,-0.070,0.8906,523.49
gyr,-4,65,4,525.19
acc,-0.031,-0.023,0.8671,526.17
acc,-0.042,0.0195,0.8789,527.08
acc,-0.042,0.0195,0.8789,528.00
acc,-0.023,-0.019,0.8867,528.91
acc,-0.042,-0.023,0.8906,529.82
comp,357.88,-34.04,641.24,533.59
acc,-0.039,-0.035,0.875,534.53
acc,-0.039,-0.035,0.875,535.45
acc,0.0078,-0.039,0.8359,536.37
acc,-0.031,-0.007,0.9257,537.28
gyr,-9,66,3,538.96
acc,-0.027,-0.031,0.8828,539.99
acc,0.0507,-0.039,0.8515,540.93
acc,-0.007,-0.023,0.8828,541.83
acc,-0.007,-0.023,0.8828,542.74
gyr,-10,64,5,544.87
acc,-0.035,-0.039,0.9023,545.85
acc,-0.085,-0.031,0.9140,546.78
acc,-0.062,-0.039,0.8671,547.70
acc,-0.062,-0.039,0.8671,548.62
acc,-0.050,-0.015,0.8515,549.53
comp,357.88,-34.04,641.24,552.92
acc,-0.035,-0.007,0.8671,553.84
acc,-0.035,-0.007,0.8671,554.75
acc,-0.042,-0.015,0.8515,555.66
acc,-0.066,-0.015,0.8671,556.57
gyr,-9,64,4,558.67
acc,-0.023,-0.035,0.8671,559.62
acc,-0.031,-0.023,0.9140,560.54
acc,0.0,-0.035,0.9609,561.47
acc,-0.027,-0.039,0.9023,562.38
gyr,-6,64,3,564.27
acc,-0.023,-0.023,0.875,565.34
acc,-0.039,0.0273,0.8945,566.26
acc,-0.035,-0.046,0.8906,567.17
acc,-0.035,-0.046,0.8906,568.08
acc,-0.031,-0.046,0.8789,568.98
comp,357.88,-34.04,641.24,572.37
acc,-0.046,0.0078,0.8671,573.29
acc,-0.046,0.0078,0.8671,574.23
acc,-0.031,-0.042,0.8476,575.16
acc,-0.046,-0.082,0.8945,576.07
gyr,-5,63,8,577.77
acc,-0.035,-0.039,0.8867,578.71
acc,-0.019,-0.035,0.9140,579.63
acc,-0.023,-0.031,0.9648,580.54
acc,-0.023,-0.031,0.9648,581.44
gyr,-4,62,0,583.70
acc,-0.027,-0.039,0.8867,584.64
acc,-0.046,-0.019,0.9257,585.56
acc,-0.058,-0.023,0.8710,586.47
acc,-0.058,-0.023,0.8710,587.39
acc,-0.035,-0.031,0.8398,588.30
comp,357.88,-34.96,641.24,591.92
acc,-0.035,-0.031,0.8789,592.86
acc,-0.050,-0.023,0.8867,593.79
acc,-0.050,-0.023,0.8867,594.70
acc,-0.031,-0.027,0.8789,595.62
gyr,-8,65,8,597.32
acc,-0.035,-0.019,0.8906,598.25
acc,-0.035,-0.042,0.8125,599.17
acc,-0.027,-0.015,0.8632,600.08
acc,-0.027,-0.015,0.8632,600.99
gyr,-7,62,2,603.04
acc,-0.035,-0.015,0.8789,603.99
acc,-0.050,-0.019,0.9140,604.92
acc,-0.050,-0.019,0.9140,605.84
acc,-0.031,-0.039,0.8671,606.76
acc,-0.027,-0.007,0.8828,607.67
comp,357.88,-34.96,641.24,611.07
acc,-0.015,-0.046,0.875,611.99
acc,-0.015,-0.046,0.875,612.90
acc,-0.046,-0.035,1.0117,613.81
acc,-0.035,-0.007,0.9101,614.72
gyr,-5,62,6,616.85
acc,-0.039,-0.031,0.8789,617.80
acc,-0.015,-0.035,0.875,618.72
acc,-0.019,-0.031,0.8867,619.64
acc,-0.035,-0.042,0.8789,620.56
gyr,-6,63,8,622.34
acc,-0.035,-0.019,0.8828,623.29
acc,-0.105,-0.023,0.9023,624.20
acc,-0.105,-0.023,0.9023,625.11
acc,-0.035,-0.027,0.9218,626.02
acc,-0.019,-0.015,0.8867,626.93
comp,357.88,-34.96,641.24,630.73
acc,-0.031,-0.027,0.8906,631.67
acc,-0.046,-0.023,0.8945,632.59
acc,-0.046,-0.023,0.8945,633.50
acc,0.0,-0.039,0.8945,634.41
gyr,-5,64,2,636.12
acc,-0.035,-0.023,0.8906,637.05
acc,-0.039,-0.019,0.9335,637.98
acc,-0.035,-0.007,0.9179,638.89
acc,-0.035,-0.007,0.9179,639.80
gyr,-2,62,8,641.48
acc,-0.031,-0.035,0.8828,642.41
acc,-0.031,-0.035,0.8828,643.32
acc,0.0351,-0.046,0.8554,644.23
acc,-0.015,-0.046,0.9414,645.15
acc,0.0039,-0.097,0.8906,646.07
comp,357.88,-34.04,643.08,649.46
acc,-0.035,-0.031,0.9023,650.40
acc,-0.019,-0.019,0.9257,651.33
acc,-0.023,-0.027,0.9062,652.24
acc,-0.023,-0.027,0.9062,653.15
gyr,-8,65,2,655.58
acc,-0.039,-0.035,0.8867,656.53
acc,-0.019,-0.031,0.8359,657.47
acc,-0.046,-0.023,0.8515,658.39
acc,-0.031,-0.019,0.8632,659.31
gyr,-7,60,6,661.00
acc,-0.035,-0.019,0.8710,661.93
acc,-0.035,-0.019,0.8710,662.84
acc,-0.027,-0.019,0.8632,663.75
acc,-0.019,-0.019,0.9101,664.66
acc,-0.031,-0.039,0.9023,665.56
comp,357.88,-34.04,643.08,668.95
acc,-0.042,-0.031,0.8789,669.88
acc,-0.042,-0.011,0.8398,670.81
acc,-0.019,-0.007,0.9062,671.72
acc,-0.019,-0.007,0.9062,672.62
gyr,-6,68,3,674.31
acc,-0.035,-0.035,0.9179,675.23
acc,-0.035,-0.035,0.9179,676.14
acc,-0.046,-0.042,0.8945,677.06
acc,0.0156,-0.023,0.8906,677.98
gyr,-6,65,4,679.68
acc,-0.027,-0.046,0.8828,680.60
acc,-0.074,-0.027,0.9335,681.52
acc,-0.046,0.0039,0.8867,682.43
acc,-0.046,0.0039,0.8867,683.34
acc,-0.042,-0.031,0.9140,684.25
comp,357.88,-34.04,643.08,688.54
acc,-0.027,-0.035,0.8906,689.48
acc,-0.035,-0.039,0.8789,690.40
acc,-0.007,-0.027,0.8984,691.32
acc,-0.027,-0.050,0.9492,692.23
gyr,-5,63,6,694.10
acc,-0.031,-0.027,0.8906,695.04
acc,-0.062,0.0078,0.8984,695.95
acc,-0.062,0.0078,0.8984,696.86
acc,-0.015,-0.019,0.8945,697.78
gyr,-8,66,2,699.50
acc,-0.035,-0.035,0.8984,700.43
acc,-0.019,-0.035,0.8710,701.40
acc,-0.023,0.0039,0.8710,702.39
acc,-0.031,-0.031,0.8906,703.30
acc,-0.050,-0.023,0.8476,704.21
comp,357.88,-34.04,643.08,707.61
acc,-0.039,-0.031,0.8789,708.54
acc,-0.054,0.0156,0.8789,709.46
acc,-0.015,-0.046,0.8632,710.37
acc,-0.015,-0.046,0.8632,711.29
gyr,-4,62,7,713.54
acc,-0.031,-0.027,0.8906,714.49
acc,-0.019,-0.054,0.9023,715.41
acc,-0.058,-0.015,0.8710,716.34
acc,-0.058,-0.015,0.8710,717.26
gyr,-7,63,4,718.95
acc,-0.035,-0.035,0.8671,719.87
acc,-0.027,-0.031,0.8867,720.78
acc,-0.046,-0.062,0.8945,721.69
acc,-0.039,0.0039,0.9062,722.60
acc,-0.039,0.0039,0.9062,723.50
comp,358.8,-34.96,646.76,726.89
acc,-0.031,-0.039,0.8789,727.83
acc,-0.042,-0.039,0.9023,728.75
acc,-0.042,-0.039,0.9023,729.66
acc,-0.031,-0.015,0.8281,730.57
gyr,-5,65,6,732.27
acc,-0.027,-0.027,0.8867,733.20
acc,-0.039,-0.031,0.9609,734.12
acc,-0.027,-0.007,0.9375,735.03
acc,-0.031,0.0,0.9687,735.94
gyr,-3,66,7,738.37
acc,-0.042,-0.031,0.8671,739.33
acc,-0.039,0.0039,0.8906,740.25
acc,-0.039,0.0312,0.9140,741.17
acc,-0.027,-0.011,0.8945,742.08
acc,-0.027,-0.011,0.8945,745.30
comp,358.8,-34.96,646.76,748.76
acc,-0.035,-0.031,0.8867,749.73
acc,-0.042,-0.015,0.8710,750.77
acc,-0.042,-0.031,0.8632,751.70
acc,-0.042,-0.031,0.8632,752.63
gyr,-5,63,8,754.22
acc,-0.027,-0.015,0.8710,755.13
acc,-0.039,-0.039,0.8906,756.65
acc,-0.035,-0.042,0.8632,757.61
acc,-0.035,-0.042,0.8632,758.55
gyr,-6,62,6,760.19
acc,-0.031,-0.042,0.8945,761.15
acc,-0.031,0.0,0.8789,762.18
acc,-0.023,-0.019,0.9101,763.10
acc,-0.046,-0.015,0.8984,764.02
acc,-0.035,0.0,0.8671,764.93
comp,358.8,-34.96,646.76,768.70
acc,-0.039,-0.039,0.8671,769.65
acc,-0.042,-0.027,0.9257,770.57
acc,-0.019,-0.015,0.9492,771.48
acc,-0.031,-0.035,0.9140,772.39
gyr,-8,66,3,774.26
acc,-0.039,-0.031,0.875,775.19
acc,-0.042,0.0078,0.8945,776.11
acc,-0.042,-0.023,0.8789,777.02
acc,-0.042,-0.023,0.8789,777.93
gyr,-5,62,8,779.72
acc,-0.035,-0.035,0.9062,780.70
acc,-0.035,-0.035,0.9062,781.63
acc,-0.035,-0.054,0.9140,782.54
acc,-0.078,-0.058,0.9062,783.44
acc,-0.089,-0.062,0.8828,784.36
comp,357.88,-34.96,642.16,787.76
acc,-0.039,-0.031,0.8867,788.70
acc,-0.035,-0.039,0.8632,789.62
acc,-0.023,-0.027,0.9101,790.53
acc,-0.023,-0.027,0.9101,791.44
gyr,-8,63,1,793.64
acc,-0.031,-0.023,0.8710,799.02
acc,-0.031,-0.023,0.8710,799.95
acc,-0.035,0.0,0.8906,800.86
acc,-0.007,-0.023,0.875,801.77
gyr,-6,64,5,803.48
acc,-0.035,-0.031,0.8984,804.42
acc,-0.027,0.0234,0.8867,805.34
acc,-0.042,0.0117,0.8710,806.25
acc,-0.042,0.0117,0.8710,807.16
acc,-0.031,-0.046,0.8906,808.07
comp,357.88,-34.96,642.16,811.46
acc,-0.039,-0.042,0.875,812.38
acc,-0.039,-0.042,0.875,813.30
acc,-0.027,-0.035,0.8828,814.21
acc,0.0117,0.0234,0.8789,815.12
gyr,-6,63,0,816.80
acc,-0.031,-0.050,0.8789,817.73
acc,-0.027,-0.011,0.8867,818.66
acc,-0.031,-0.046,0.8789,819.56
acc,-0.031,-0.046,0.8789,820.47
gyr,-7,64,5,822.16
acc,-0.031,-0.031,0.875,823.09
acc,-0.039,-0.019,0.8554,824.01
acc,0.0,-0.031,0.8789,824.92
acc,-0.007,-0.023,0.8789,825.83
acc,-0.007,-0.023,0.8789,826.74
comp,357.88,-34.96,642.16,831.11
acc,-0.031,-0.031,0.8671,832.06
acc,-0.027,-0.019,0.875,832.99
acc,-0.027,-0.019,0.875,833.91
acc,-0.058,-0.035,0.8828,834.82
gyr,-6,64,3,836.51
acc,-0.015,-0.035,0.875,837.43
acc,-0.062,-0.039,0.875,838.35
acc,-0.019,-0.015,0.7929,839.26
acc,-0.035,0.0117,0.8867,840.17
gyr,-7,65,2,841.85
acc,-0.035,-0.035,0.8710,842.79
acc,-0.035,-0.035,0.8710,843.71
acc,-0.019,-0.066,0.8984,844.62
acc,-0.015,-0.074,0.8984,845.53
acc,-0.007,-0.007,0.9062,846.44
comp,356.96,-33.12,642.16,850.42
acc,-0.035,-0.027,0.875,851.37
acc,-0.054,0.0429,0.8320,852.31
acc,-0.054,0.0429,0.8320,853.24
acc,-0.027,-0.027,0.8632,854.16
gyr,-8,64,5,855.90
acc,-0.031,-0.023,0.8710,856.83
acc,-0.050,-0.031,0.9023,857.77
acc,-0.031,-0.023,0.8593,858.68
acc,-0.054,-0.023,0.8671,859.59
gyr,-4,63,2,861.30
acc,-0.035,-0.019,0.8593,862.22
acc,-0.035,-0.019,0.8593,863.14
acc,-0.062,-0.027,0.9570,864.05
acc,0.0078,-0.031,0.9218,864.96
acc,-0.046,0.0,0.9062,865.87
comp,356.96,-33.12,642.16,869.25
acc,-0.035,-0.023,0.8789,870.17
acc,0.0078,-0.039,0.9062,871.09
acc,0.0156,-0.015,0.8046,872.00
acc,-0.011,-0.007,0.8554,872.91
gyr,-6,64,9,875.36
acc,-0.042,-0.031,0.875,876.31
acc,-0.015,-0.023,0.8515,877.26
acc,-0.023,-0.027,0.8710,878.19
acc,-0.019,-0.031,0.8945,879.10
gyr,-3,61,5,880.80
acc,-0.039,-0.046,0.8828,881.72
acc,-0.015,0.0078,0.8867,882.64
acc,-0.015,0.0078,0.8867,883.55
acc,0.0039,-0.058,0.8710,884.46
acc,-0.035,-0.023,0.9335,885.38
comp,356.96,-33.12,642.16,888.78
acc,-0.023,-0.039,0.8789,889.72
acc,-0.035,-0.015,0.8476,890.65
acc,0.0,-0.023,0.8828,891.56
acc,-0.015,-0.027,0.9453,892.47
gyr,-8,60,7,894.77
acc,-0.039,-0.035,0.9023,895.72
acc,-0.042,-0.019,0.8632,896.65
acc,-0.023,-0.027,0.8320,897.56
acc,-0.011,-0.011,0.9687,898.48
gyr,-7,61,7,900.22
acc,-0.039,-0.035,0.8789,901.15
acc,-0.035,-0.039,0.8906,902.09
acc,-0.035,-0.039,0.8906,903.02
acc,-0.058,-0.031,0.8867,903.93
acc,-0.019,-0.050,0.9179,904.84
comp,357.88,-33.12,642.16,908.26
acc,-0.031,-0.039,0.8906,909.20
acc,-0.023,-0.031,0.8554,910.12
acc,-0.007,-0.027,0.8398,911.03
acc,-0.074,-0.011,0.8867,911.94
gyr,-4,65,2,914.38
acc,-0.035,-0.035,0.8867,915.33
acc,-0.019,-0.035,0.8593,916.26
acc,-0.039,-0.031,0.8554,917.18
acc,-0.035,-0.042,0.9101,918.10
gyr,-6,65,7,919.81
acc,-0.035,-0.031,0.8906,920.74
acc,-0.011,-0.035,0.8828,921.70
acc,-0.011,-0.035,0.8828,922.61
acc,0.0,-0.027,0.8515,923.52
acc,-0.027,-0.015,0.8945,924.43
comp,357.88,-33.12,642.16,927.82
acc,-0.031,-0.007,0.8710,928.75
acc,-0.031,-0.007,0.8710,929.67
acc,-0.027,-0.023,0.8906,930.58
acc,0.0078,-0.031,0.8710,931.49
gyr,-7,65,3,933.48
acc,-0.031,-0.039,0.8789,934.43
acc,-0.054,-0.035,0.9570,935.35
acc,-0.031,-0.019,0.875,936.27
acc,-0.042,-0.035,0.9062,937.19
gyr,-7,63,4,938.89
acc,-0.031,-0.027,0.875,939.82
acc,-0.031,-0.027,0.875,940.74
acc,-0.042,-0.015,0.8242,941.65
acc,-0.023,-0.007,0.8789,942.56
acc,0.0117,-0.019,0.8828,943.47
comp,357.88,-33.12,642.16,946.86
acc,-0.039,-0.031,0.8828,947.78
acc,0.0039,-0.027,0.8867,948.71
acc,-0.019,0.0117,0.8554,949.62
acc,-0.019,0.0117,0.8554,950.53
gyr,-8,63,3,953.20
acc,-0.042,-0.027,0.8906,954.15
acc,-0.031,-0.031,0.8984,955.07
acc,-0.035,-0.031,0.9414,955.98
acc,-0.023,-0.031,0.8789,956.89
gyr,-8,63,-1,958.59
acc,-0.015,-0.042,0.8828,959.53
acc,-0.011,-0.019,0.8593,960.45
acc,-0.011,-0.019,0.8593,961.36
acc,-0.035,-0.031,0.875,962.27
acc,-0.035,-0.027,0.8554,963.18
comp,357.88,-33.12,642.16,966.56
acc,-0.031,-0.039,0.8906,967.49
acc,-0.023,-0.031,0.875,968.42
acc,-0.046,-0.011,0.9687,969.33
acc,0.0195,-0.035,0.8945,970.23
gyr,-8,63,6,972.35
acc,-0.027,-0.031,0.875,973.30
acc,-0.039,-0.023,0.9453,974.22
acc,-0.042,-0.015,0.8281,975.13
acc,-0.042,0.0078,0.8906,976.04
gyr,-6,65,2,978.33
acc,-0.031,-0.035,0.8867,979.29
acc,0.0117,-0.039,0.8789,980.21
acc,-0.031,-0.007,0.9101,981.14
acc,-0.031,-0.007,0.9101,982.05
acc,-0.031,-0.035,0.875,982.96
comp,356.96,-34.96,642.16,986.67
acc,-0.042,-0.031,0.8867,987.62
acc,-0.011,-0.011,0.8906,988.55
acc,-0.066,0.0195,0.8710,989.45
acc,-0.066,0.0195,0.8710,990.36
gyr,-9,63,4,992.06
acc,-0.027,-0.019,0.8671,993.00
acc,-0.035,-0.035,0.8984,993.93
acc,-0.015,-0.015,0.8906,994.84
acc,-0.031,-0.019,0.8984,995.74
gyr,-10,63,5,997.44
acc,-0.023,-0.035,0.875,998.38
acc,-0.027,-0.023,0.8906,999.30
acc,-0.027,-0.023,0.8906,1000.2
acc,-0.011,-0.027,0.9492,1001.1
acc,-0.019,0.0078,0.9023,1002.0
comp,356.96,-34.96,642.16,1006.0
acc,-0.031,-0.031,0.8789,1006.9
acc,-0.035,-0.011,0.9414,1007.9
acc,-0.042,-0.031,0.9257,1008.8
acc,-0.042,-0.031,0.9257,1009.7
gyr,-7,65,7,1011.4
acc,-0.015,-0.035,0.8867,1012.4
acc,-0.042,-0.027,0.8867,1013.3
acc,-0.027,-0.023,0.8710,1014.2
acc,-0.058,0.0,0.8437,1015.1
gyr,-5,65,7,1016.8
acc,-0.031,-0.039,0.875,1017.7
acc,-0.062,-0.007,0.8867,1018.6
acc,-0.062,-0.007,0.8867,1019.5
acc,-0.027,-0.023,0.8476,1020.5
acc,-0.031,-0.015,0.9296,1021.4
comp,356.96,-34.96,642.16,1025.4
acc,-0.035,-0.035,0.8828,1026.3
acc,-0.042,-0.042,0.9062,1027.3
acc,-0.046,-0.011,0.9023,1028.2
acc,-0.046,-0.011,0.9023,1029.1
gyr,-8,63,3,1030.8
acc,-0.035,-0.015,0.8789,1031.8
acc,-0.035,-0.027,0.8515,1032.7
acc,-0.031,-0.027,0.9101,1033.6
acc,-0.039,-0.011,0.9101,1034.5
gyr,-7,67,8,1036.6
acc,-0.027,-0.039,0.875,1037.5
acc,-0.050,-0.031,0.9375,1038.5
acc,-0.046,-0.007,0.9375,1039.4
acc,-0.058,0.0078,0.8945,1040.3
acc,-0.058,0.0078,0.8945,1041.2
comp,356.96,-34.04,641.24,1044.9
acc,-0.035,-0.039,0.8710,1045.8
acc,-0.035,-0.039,0.9257,1046.7
acc,-0.054,-0.039,0.9531,1047.6
acc,-0.054,-0.039,0.9531,1048.5
gyr,-8,62,2,1050.2
acc,-0.023,-0.035,0.8828,1051.2
acc,-0.039,-0.019,0.8671,1052.1
acc,-0.031,-0.042,0.9218,1053.0
acc,-0.042,-0.011,0.8906,1053.9
gyr,-8,64,5,1055.9
acc,-0.031,-0.042,0.8789,1056.9
acc,-0.074,0.0195,0.8984,1057.8
acc,-0.050,-0.015,0.8867,1058.7
acc,-0.050,-0.015,0.8867,1059.6
acc,-0.031,-0.031,0.9140,1060.5
comp,356.96,-34.04,641.24,1063.9
acc,-0.031,-0.027,0.8789,1064.8
acc,-0.031,-0.027,0.8789,1065.7
acc,-0.011,-0.019,0.8554,1066.6
acc,-0.042,-0.011,0.8554,1067.6
gyr,-6,63,3,1069.3
acc,-0.035,-0.035,0.8789,1070.2
acc,-0.050,-0.023,0.8945,1071.1
acc,-0.011,-0.062,0.9218,1072.0
acc,-0.011,-0.062,0.9218,1072.9
gyr,-6,64,4,1075.2
acc,-0.031,-0.039,0.875,1076.1
acc,-0.035,-0.015,0.8789,1077.0
acc,-0.066,-0.031,0.9101,1077.9
acc,-0.066,-0.031,0.9101,1078.8
acc,-0.050,-0.031,0.9257,1079.7
comp,356.96,-34.04,641.24,1083.2
acc,-0.027,-0.031,0.8789,1084.2
acc,-0.027,-0.031,0.8789,1085.1
acc,-0.027,-0.019,0.8437,1086.0
acc,-0.031,-0.011,0.9921,1086.9
gyr,-6,63,5,1089.0
acc,-0.027,-0.039,0.8828,1089.9
acc,-0.035,-0.042,0.9492,1090.9
acc,0.0,-0.011,0.9179,1091.8
acc,-0.023,-0.023,0.8867,1092.7
gyr,-10,65,0,1094.6
acc,-0.035,-0.023,0.8789,1095.5
acc,-0.011,-0.066,0.8632,1096.4
acc,-0.050,-0.027,0.8906,1097.4
acc,-0.050,-0.027,0.8906,1098.3
acc,0.0039,-0.035,0.8867,1099.2
comp,356.96,-34.04,641.24,1102.7
acc,-0.027,-0.039,0.8867,1103.7
acc,-0.027,-0.039,0.8867,1104.6
acc,-0.039,-0.015,0.8945,1105.5
acc,-0.027,-0.066,0.8945,1106.4
gyr,-5,63,10,1108.5
acc,-0.031,-0.031,0.8828,1109.5
acc,-0.042,-0.023,0.875,1110.4
acc,-0.023,-0.046,0.8710,1111.3
acc,0.0039,-0.023,0.8398,1112.2
gyr,-8,63,3,1113.9
acc,-0.015,-0.027,0.8789,1114.9
acc,-0.027,-0.011,0.8867,1115.8
acc,-0.027,-0.011,0.8867,1116.7
acc,0.0039,-0.023,0.8867,1117.6
acc,-0.023,-0.007,0.8710,1118.5
comp,356.96,-34.04,641.24,1121.9
acc,-0.035,-0.035,0.8828,1122.8
acc,-0.039,-0.035,0.8867,1123.7
acc,-0.031,-0.023,0.875,1124.6
acc,-0.039,-0.007,0.8710,1125.5
gyr,-10,63,5,1127.8
acc,-0.042,-0.031,0.8945,1128.8
acc,-0.035,-0.035,0.8476,1129.7
acc,-0.027,-0.019,0.8906,1130.6
acc,-0.015,0.0,0.8984,1131.6
gyr,-7,66,7,1133.5
acc,-0.031,-0.023,0.8867,1134.4
acc,-0.035,-0.011,0.9414,1135.3
acc,-0.046,0.0195,0.8945,1136.2
acc,-0.046,0.0195,0.8945,1137.1
acc,-0.039,-0.019,0.9023,1138.1
comp,356.96,-34.04,641.24,1141.5
acc,-0.035,-0.031,0.8789,1142.4
acc,-0.035,-0.031,0.8789,1143.3
acc,-0.027,-0.031,0.8593,1144.2
acc,-0.007,-0.023,0.9648,1145.1
gyr,-6,65,1,1147.2
acc,-0.042,-0.027,0.8828,1148.2
acc,-0.042,-0.039,0.9335,1149.1
acc,0.0117,-0.031,0.9179,1150.0
acc,-0.035,-0.023,0.9062,1150.9
gyr,-7,64,9,1152.9
acc,-0.035,-0.023,0.8710,1153.8
acc,-0.035,-0.031,0.9218,1154.7
acc,-0.070,-0.050,0.9609,1155.6
acc,-0.070,-0.050,0.9609,1156.6
acc,-0.066,-0.039,0.9648,1157.5
comp,356.96,-34.04,641.24,1160.9
acc,-0.027,-0.023,0.875,1161.8
acc,-0.027,-0.023,0.875,1162.7
acc,0.0,-0.035,0.8476,1163.6
acc,-0.035,-0.011,0.8398,1164.5
gyr,-7,65,3,1166.9
acc,-0.035,-0.046,0.8984,1167.8
acc,-0.035,-0.046,0.8984,1168.7
acc,-0.039,-0.039,0.9296,1169.7
acc,-0.023,-0.035,0.8671,1170.6
gyr,-7,64,6,1172.5
acc,-0.027,-0.035,0.8906,1173.5
acc,-0.035,0.0234,0.9023,1174.4
acc,-0.015,-0.011,0.8437,1175.3
acc,-0.015,-0.011,0.8437,1176.2
acc,-0.007,-0.027,0.8671,1177.1
comp,357.88,-34.04,641.24,1180.5
acc,-0.035,-0.023,0.8828,1181.4
acc,-0.031,0.0390,0.9218,1182.3
acc,-0.031,0.0390,0.9218,1183.3
acc,-0.039,-0.027,0.8906,1184.2
gyr,-7,63,0,1186.4
acc,-0.042,-0.035,0.8789,1187.4
acc,-0.042,-0.035,0.8789,1188.3
acc,-0.035,-0.054,0.8867,1189.2
acc,-0.050,-0.023,0.8945,1190.1
gyr,-6,61,5,1192.1
acc,-0.027,-0.042,0.875,1193.0
acc,-0.007,-0.039,0.8632,1193.9
acc,-0.023,-0.015,0.8828,1194.8
acc,-0.054,-0.058,0.8789,1195.7
acc,-0.054,-0.058,0.8789,1196.7
comp,357.88,-34.04,641.24,1200.0
acc,-0.035,-0.023,0.8789,1201.0
acc,-0.039,-0.023,0.8437,1201.9
acc,-0.039,-0.023,0.8437,1202.8
acc,-0.011,-0.011,0.9179,1203.7
gyr,-8,65,2,1206.0
acc,-0.035,-0.023,0.8828,1206.9
acc,-0.058,-0.019,0.9531,1207.9
acc,-0.058,-0.019,0.9531,1208.8
acc,-0.050,0.0078,0.8437,1209.7
gyr,-7,66,2,1211.4
acc,-0.031,-0.035,0.8867,1212.3
acc,-0.066,0.0,0.8125,1213.2
acc,-0.015,-0.035,0.8828,1214.2
acc,-0.031,-0.027,0.875,1215.1
acc,-0.031,-0.027,0.875,1216.0
comp,357.88,-34.04,641.24,1219.8
acc,-0.035,-0.035,0.8867,1220.7
acc,-0.019,-0.066,0.8867,1221.7
acc,-0.015,-0.015,0.8906,1222.6
acc,-0.015,-0.015,0.8906,1223.5
gyr,-6,66,8,1225.2
acc,-0.031,-0.031,0.8671,1226.1
acc,-0.031,-0.031,0.8671,1227.1
acc,-0.019,0.0117,0.8906,1228.0
acc,-0.031,-0.015,0.875,1228.9
gyr,-7,65,3,1230.6
acc,-0.027,-0.023,0.8828,1231.5
acc,-0.078,-0.023,0.8906,1232.4
acc,-0.035,-0.035,0.9882,1233.3
acc,-0.035,-0.035,0.9882,1234.2
acc,-0.050,-0.046,0.9023,1235.2
comp,356.96,-34.96,641.24,1238.5
acc,-0.035,-0.035,0.8789,1239.5
acc,-0.035,-0.035,0.8789,1240.4
acc,-0.046,0.0,0.8945,1241.3
acc,-0.007,-0.054,0.8164,1242.2
gyr,-9,64,7,1244.6
acc,-0.035,-0.035,0.8945,1245.6
acc,-0.035,-0.035,0.8945,1246.5
acc,-0.039,-0.058,0.8984,1247.4
acc,-0.027,0.0390,0.8945,1248.4
gyr,-8,62,4,1250.1
acc,-0.019,-0.035,0.8906,1251.0
acc,-0.027,-0.019,0.8593,1251.9
acc,-0.101,0.0625,0.9257,1252.8
acc,-0.101,0.0625,0.9257,1253.7
acc,-0.031,-0.015,0.8945,1254.6
comp,356.96,-34.96,641.24,1258.0
acc,-0.035,-0.023,0.8867,1259.0
acc,-0.035,-0.023,0.8867,1259.9
acc,-0.035,-0.031,0.8359,1260.8
acc,-0.035,-0.027,0.8554,1261.7
gyr,-6,65,2,1264.0
acc,-0.031,-0.039,0.8867,1265.0
acc,-0.031,-0.039,0.8867,1266.0
acc,-0.011,-0.023,0.875,1266.9
acc,0.0195,-0.031,0.8867,1267.8
gyr,-7,65,8,1269.5
acc,-0.027,-0.027,0.8710,1270.4
acc,-0.019,-0.066,0.875,1271.4
acc,-0.027,-0.015,0.9179,1272.3
acc,-0.027,-0.015,0.9179,1273.2
acc,-0.031,-0.015,0.9843,1274.1
comp,356.96,-34.96,641.24,1277.9
acc,-0.039,-0.027,0.8828,1278.9
acc,-0.035,-0.031,0.8789,1279.8
acc,0.0,-0.031,0.8359,1280.7
acc,0.0,-0.031,0.8359,1281.7
gyr,-6,63,1,1283.5
acc,-0.042,-0.031,0.875,1284.6
acc,-0.046,-0.046,0.8828,1285.5
acc,-0.046,-0.046,0.8828,1286.4
acc,-0.031,-0.039,0.8906,1287.3
gyr,-6,62,6,1289.0
acc,-0.035,-0.031,0.8710,1289.9
acc,-0.058,-0.027,0.8828,1290.8
acc,-0.042,-0.019,0.8203,1291.8
acc,-0.042,-0.019,0.8203,1292.7
acc,0.0039,-0.007,0.8789,1293.6
comp,356.96,-34.96,641.24,1297.0
acc,-0.042,-0.031,0.8828,1297.9
acc,-0.066,0.0,0.8867,1298.8
acc,-0.066,0.0,0.8867,1299.7
acc,-0.050,-0.015,0.8867,1300.6
gyr,-7,63,6,1302.9
acc,-0.031,-0.031,0.8789,1303.9
acc,-0.031,-0.031,0.8789,1304.8
acc,-0.019,-0.027,0.8359,1305.7
acc,-0.027,0.0039,0.8906,1306.6
gyr,-7,64,6,1308.3
acc,-0.035,-0.039,0.8632,1309.3
acc,0.0156,-0.035,0.9101,1310.2
acc,-0.015,-0.089,0.8945,1311.1
acc,-0.015,-0.089,0.8945,1312.0
acc,-0.039,-0.039,0.8554,1312.9
comp,356.96,-34.96,641.24,1316.4
acc,-0.035,-0.031,0.8789,1317.3
acc,0.0156,-0.050,0.8710,1318.2
acc,0.0156,-0.050,0.8710,1319.2
acc,-0.046,0.0,0.9296,1320.1
gyr,-5,64,1,1321.8
acc,-0.031,-0.031,0.875,1322.7
acc,-0.031,-0.019,0.8945,1323.6
acc,-0.027,-0.042,0.9179,1324.5
acc,-0.027,-0.042,0.9179,1325.4
gyr,-5,64,4,1327.8
acc,-0.042,-0.031,0.8789,1328.8
acc,-0.046,-0.023,0.8867,1329.7
acc,-0.015,-0.031,0.8945,1330.6
acc,-0.015,-0.031,0.8945,1331.5
acc,-0.039,0.0312,0.8867,1332.4
comp,356.96,-34.96,641.24,1336.2
acc,-0.039,-0.039,0.8671,1337.1
acc,0.0,-0.093,0.9023,1338.1
acc,-0.054,0.0078,0.9296,1339.0
acc,-0.054,0.0078,0.9296,1339.9
gyr,-8,65,6,1341.6
acc,-0.031,-0.011,0.8867,1342.5
acc,-0.031,-0.011,0.8867,1343.5
acc,-0.050,-0.042,0.8867,1344.4
acc,-0.035,-0.031,0.875,1345.3
gyr,-6,64,0,1347.0
acc,-0.035,-0.035,0.8945,1347.9
acc,-0.011,-0.015,0.8554,1348.8
acc,-0.011,-0.015,0.8554,1349.7
acc,-0.011,-0.007,0.8789,1350.6
acc,-0.023,0.0078,0.8359,1351.5
comp,356.96,-34.96,641.24,1355.5
acc,-0.027,-0.031,0.8710,1356.5
acc,0.0078,-0.046,0.8984,1357.4
acc,-0.042,-0.007,0.8789,1358.3
acc,-0.042,-0.007,0.8789,1359.2
gyr,-6,63,4,1360.9
acc,-0.031,-0.027,0.8632,1361.8
acc,-0.039,-0.035,0.8203,1362.8
acc,-0.035,0.0156,0.8984,1363.7
acc,-0.039,0.0195,0.8554,1364.6
gyr,-5,67,2,1366.6
acc,-0.027,-0.031,0.8789,1367.6
acc,-0.023,-0.007,0.8906,1368.5
acc,0.0,-0.015,0.8945,1369.5
acc,0.0,-0.015,0.8945,1370.4
acc,-0.039,-0.007,0.8789,1371.3
comp,356.96,-34.04,642.16,1375.0
acc,-0.042,-0.039,0.8789,1375.9
acc,-0.027,0.0039,0.8789,1376.8
acc,-0.042,-0.023,0.8398,1377.7
acc,-0.042,-0.023,0.8398,1378.6
gyr,-7,61,6,1380.4
acc,-0.031,-0.035,0.8789,1381.3
acc,-0.031,-0.019,0.8906,1382.2
acc,-0.042,0.0,0.8632,1383.1
acc,-0.050,-0.046,0.8515,1384.0
gyr,-3,63,6,1386.1
acc,-0.031,-0.035,0.8867,1387.0
acc,-0.023,0.0039,0.9179,1388.0
acc,-0.027,-0.031,0.9140,1388.9
acc,-0.027,-0.031,0.9140,1389.8
acc,-0.027,-0.054,0.875,1390.7
comp,356.96,-34.04,642.16,1394.1
acc,-0.035,-0.027,0.8867,1395.0
acc,0.0078,-0.027,0.8398,1395.9
acc,0.0078,-0.027,0.8398,1396.8
acc,-0.070,-0.039,0.9179,1397.8
gyr,-9,63,2,1399.9
acc,-0.046,-0.023,0.8789,1400.8
acc,-0.046,-0.023,0.8789,1401.7
acc,-0.015,-0.031,0.8906,1402.7
acc,-0.031,-0.019,0.9062,1403.6
gyr,-7,65,5,1405.5
acc,-0.031,-0.031,0.8671,1406.4
acc,-0.007,-0.023,0.8671,1407.3
acc,-0.023,0.0078,0.8828,1408.3
acc,-0.023,0.0078,0.8828,1409.2
acc,-0.011,-0.027,0.8671,1410.1
comp,356.96,-34.04,642.16,1413.5
acc,-0.031,-0.027,0.875,1414.4
acc,0.0039,-0.031,0.8906,1415.3
acc,0.0039,-0.031,0.8906,1416.2
acc,-0.066,0.0273,0.8984,1417.1
gyr,-7,64,0,1418.8
acc,-0.011,-0.035,0.8789,1419.8
acc,-0.027,-0.027,0.8476,1420.7
acc,-0.062,-0.011,0.8789,1421.7
acc,-0.054,-0.023,0.8945,1422.6
gyr,-8,63,2,1424.9
acc,-0.031,-0.023,0.8789,1425.8
acc,-0.046,-0.023,0.8945,1426.8
acc,-0.023,-0.015,0.9023,1427.7
acc,-0.023,-0.015,0.9023,1428.6
acc,-0.035,-0.042,0.9218,1429.5
comp,357.88,-34.04,641.24,1432.9
acc,-0.011,-0.042,0.875,1433.8
acc,-0.039,0.0,0.875,1434.7
acc,-0.039,0.0,0.875,1435.7
acc,-0.046,0.0234,0.8710,1436.6
gyr,-6,64,4,1438.7
acc,-0.042,-0.031,0.9179,1439.6
acc,-0.042,-0.031,0.9179,1440.5
acc,-0.007,-0.007,0.8984,1441.4
acc,-0.023,0.0078,0.8828,1442.3
gyr,-9,62,1,1444.2
acc,-0.031,-0.035,0.8828,1445.2
acc,0.0078,-0.023,0.8359,1446.2
acc,-0.027,-0.035,0.8632,1447.1
acc,-0.027,-0.035,0.8632,1448.0
acc,-0.062,-0.062,0.8984,1448.9
comp,357.88,-34.04,641.24,1452.5
acc,-0.039,-0.031,0.8828,1453.4
acc,-0.027,-0.019,0.8906,1454.3
acc,-0.027,-0.019,0.8906,1455.2
acc,-0.035,-0.039,0.8945,1456.1
gyr,-8,62,7,1458.0
acc,-0.031,-0.031,0.8789,1459.0
acc,-0.042,-0.027,0.8906,1459.9
acc,0.0039,-0.031,0.8984,1460.8
acc,-0.039,-0.023,0.9140,1461.7
gyr,-5,63,1,1463.6
acc,-0.027,-0.031,0.8867,1464.5
acc,-0.050,-0.046,0.8828,1465.5
acc,-0.035,0.0195,0.9023,1466.4
acc,-0.035,0.0195,0.9023,1467.3
acc,-0.007,-0.019,0.8671,1468.2
comp,357.88,-34.04,641.24,1471.6
acc,-0.035,-0.027,0.9335,1472.5
acc,-0.035,-0.027,0.9335,1473.4
acc,-0.035,-0.019,0.8828,1474.4
acc,-0.019,-0.027,0.8320,1475.3
gyr,-6,63,9,1476.9
acc,-0.039,-0.039,0.8828,1477.9
acc,-0.007,-0.031,0.7734,1478.8
acc,-0.035,-0.011,0.8476,1479.7
acc,-0.035,-0.011,0.8476,1480.6
gyr,-7,64,5,1482.9
acc,-0.027,-0.046,0.8789,1483.8
acc,-0.027,0.0117,0.9531,1484.7
acc,-0.027,0.0117,0.9531,1485.7
acc,-0.054,-0.031,0.8867,1486.6
acc,-0.027,0.0039,0.8515,1487.5
comp,357.88,-34.04,641.24,1490.9
acc,-0.015,-0.042,0.8671,1491.8
acc,-0.015,-0.042,0.8671,1492.7
acc,-0.035,-0.042,0.8984,1493.6
acc,-0.046,-0.023,0.9179,1494.5
gyr,-6,61,8,1496.6
acc,-0.027,-0.039,0.8789,1497.6
acc,0.0078,-0.039,0.8789,1498.5
acc,0.0039,-0.023,0.8867,1499.4
acc,-0.035,0.0039,0.8984,1500.3
gyr,-8,60,9,1502.2
acc,-0.031,-0.035,0.8984,1503.1
acc,-0.023,-0.015,0.8710,1504.0
acc,-0.023,-0.015,0.8710,1505.0
acc,-0.039,-0.031,0.8632,1505.9
acc,0.0117,-0.042,0.8632,1506.8
comp,357.88,-34.96,641.24,1510.2
acc,-0.027,-0.035,0.8789,1511.1
acc,-0.039,-0.035,0.9335,1512.0
acc,-0.015,-0.019,0.8554,1512.9
acc,-0.027,-0.035,0.9023,1513.9
gyr,-5,62,4,1515.5
acc,-0.035,-0.035,0.8671,1516.5
acc,-0.023,-0.050,0.9804,1517.4
acc,-0.023,-0.050,0.9804,1518.3
acc,-0.027,0.0156,0.9375,1519.2
gyr,-4,66,5,1520.9
acc,-0.039,-0.035,0.875,1521.8
acc,-0.058,-0.031,0.9062,1522.8
acc,-0.070,-0.015,0.9101,1523.7
acc,-0.023,-0.058,0.8828,1524.6
acc,-0.023,-0.058,0.8828,1525.5
comp,357.88,-34.96,641.24,1528.9
acc,-0.039,-0.027,0.8906,1529.8
acc,-0.019,-0.007,0.8710,1530.7
acc,-0.019,-0.007,0.8710,1531.6
acc,-0.011,-0.031,0.8632,1532.5
gyr,-3,63,8,1535.2
acc,-0.039,-0.035,0.8906,1536.1
acc,-0.035,-0.027,0.8359,1537.1
acc,-0.023,-0.023,0.8515,1538.0
acc,-0.023,-0.023,0.8515,1538.9
gyr,-5,65,3,1540.8
acc,-0.039,-0.035,0.8828,1541.7
acc,-0.039,-0.035,0.8828,1542.6
acc,-0.031,-0.054,0.9101,1543.6
acc,-0.019,-0.015,0.8242,1544.5
acc,-0.019,-0.015,0.8593,1545.4
comp,357.88,-34.96,641.24,1548.8
acc,-0.027,-0.039,0.8984,1549.7
acc,-0.035,0.0234,0.8906,1550.6
acc,-0.039,0.0195,0.8632,1551.5
acc,-0.035,-0.019,0.8710,1552.4
gyr,-7,65,6,1554.5
acc,-0.023,-0.019,0.875,1555.5
acc,-0.027,-0.019,0.9414,1556.4
acc,-0.042,-0.027,0.8398,1557.3
acc,-0.042,-0.027,0.8398,1558.3
gyr,-8,65,3,1559.9
acc,-0.027,-0.031,0.8828,1560.9
acc,-0.027,-0.023,0.875,1561.8
acc,-0.027,-0.019,0.9414,1562.7
acc,-0.023,-0.015,0.8398,1563.6
acc,-0.023,-0.015,0.8398,1564.5
comp,357.88,-34.04,642.16,1567.9
acc,-0.039,-0.035,0.8906,1568.8
acc,-0.046,0.0078,0.8867,1569.8
acc,-0.007,-0.050,0.8398,1570.7
acc,-0.007,-0.050,0.8398,1571.6
gyr,-7,62,1,1573.9
acc,-0.039,-0.035,0.8828,1574.8
acc,-0.035,0.0039,0.8984,1575.7
acc,-0.035,0.0039,0.8984,1576.7
acc,-0.046,-0.050,0.8945,1577.6
gyr,-6,60,2,1579.3
acc,-0.042,-0.031,0.8867,1580.2
acc,-0.042,-0.035,0.9335,1581.1
acc,-0.011,-0.031,0.8632,1582.0
acc,-0.039,0.0390,0.8789,1582.9
acc,-0.039,0.0390,0.8789,1583.8
comp,357.88,-34.04,642.16,1587.4
acc,-0.042,-0.042,0.8828,1588.3
acc,-0.031,-0.015,1.0,1589.2
acc,-0.046,-0.035,0.9453,1590.1
acc,-0.046,-0.035,0.9453,1591.1
gyr,-7,63,7,1592.8
acc,-0.042,-0.039,0.8554,1593.7
acc,-0.042,-0.039,0.8554,1594.6
acc,-0.027,-0.027,0.8789,1595.5
acc,-0.035,-0.019,0.8710,1596.4
gyr,-11,62,3,1598.1
acc,-0.031,-0.031,0.8710,1599.1
acc,-0.039,-0.050,0.9023,1600.0
acc,-0.039,-0.050,0.9023,1600.9
acc,-0.046,-0.031,0.8945,1601.8
acc,-0.031,-0.011,0.7578,1602.7
comp,357.88,-34.04,642.16,1606.2
acc,-0.015,-0.031,0.8710,1607.1
acc,-0.015,-0.031,0.8710,1608.1
acc,-0.035,-0.031,0.8789,1609.0
acc,-0.027,-0.015,0.9335,1609.9
gyr,-6,64,3,1612.7
acc,-0.035,-0.039,0.8945,1613.7
acc,-0.042,-0.042,0.8945,1614.6
acc,-0.042,-0.042,0.8945,1615.5
acc,-0.023,-0.019,0.8906,1616.4
gyr,-7,64,6,1618.3
acc,-0.031,-0.050,0.875,1619.3
acc,-0.031,-0.050,0.875,1620.2
acc,-0.046,-0.035,0.9609,1621.1
acc,-0.042,-0.027,0.8984,1622.0
acc,-0.042,-0.085,0.8906,1623.0
comp,357.88,-34.04,644.0,1626.5
acc,-0.042,-0.035,0.8828,1627.4
acc,-0.035,0.0078,0.8945,1628.3
acc,-0.027,-0.015,0.8867,1629.2
acc,-0.011,-0.027,0.875,1630.2
gyr,-5,64,0,1633.0
acc,-0.031,-0.031,0.8671,1633.9
acc,-0.031,-0.031,0.8671,1634.9
acc,-0.050,-0.011,0.8398,1635.8
acc,-0.027,0.0078,0.8554,1636.7
gyr,-4,65,10,1638.4
acc,-0.035,-0.046,0.8789,1639.3
acc,-0.027,-0.062,0.8476,1640.2
acc,-0.039,-0.035,0.8789,1641.1
acc,-0.039,-0.035,0.8789,1642.0
acc,-0.039,-0.042,0.8945,1643.0
comp,357.88,-34.04,644.0,1646.4
acc,-0.031,-0.031,0.9062,1647.3
acc,-0.031,-0.031,0.9062,1648.2
acc,-0.015,-0.031,0.8867,1649.2
acc,-0.039,0.0078,0.8632,1650.1
gyr,-5,67,2,1651.8
acc,-0.031,-0.039,0.875,1652.7
acc,-0.046,-0.058,0.8789,1653.6
acc,-0.039,0.0234,0.8945,1654.5
acc,-0.039,0.0234,0.8945,1655.4
gyr,-3,64,4,1657.1
acc,-0.046,-0.042,0.8671,1658.0
acc,-0.046,-0.042,0.8671,1659.0
acc,-0.035,-0.039,0.8710,1659.9
acc,-0.027,-0.015,0.8945,1660.8
acc,-0.054,0.0,0.8593,1661.7
comp,357.88,-34.04,644.0,1666.0
acc,-0.039,-0.023,0.8710,1666.9
acc,-0.042,-0.015,0.8671,1667.9
acc,-0.042,-0.015,0.8671,1668.8
acc,0.0390,-0.085,0.8828,1669.7
gyr,-5,64,1,1671.4
acc,-0.019,-0.046,0.875,1672.4
acc,-0.031,-0.027,0.9140,1673.3
acc,-0.019,0.0351,0.8906,1674.2
acc,0.0,-0.007,0.8398,1675.1
gyr,-8,63,3,1676.9
acc,-0.031,-0.023,0.875,1677.8
acc,-0.031,-0.023,0.9140,1678.7
acc,-0.031,-0.023,0.9140,1679.7
acc,-0.062,-0.050,0.8906,1680.6
acc,0.0039,-0.054,0.8828,1681.5
comp,357.88,-34.04,644.0,1685.2
acc,-0.042,-0.039,0.8867,1686.1
acc,-0.042,-0.039,0.8867,1687.0
acc,-0.039,-0.039,0.8281,1687.9
acc,-0.050,-0.019,0.8828,1688.8
gyr,-7,64,6,1690.5
acc,-0.031,-0.023,0.8984,1691.5
acc,-0.019,-0.027,0.8867,1692.4
acc,-0.023,-0.011,0.8593,1693.3
acc,-0.023,-0.011,0.8593,1694.2
gyr,-7,65,6,1696.3
acc,-0.039,-0.027,0.8828,1697.2
acc,-0.078,-0.046,0.8828,1698.2
acc,-0.078,-0.046,0.8828,1699.1
acc,0.0117,-0.035,0.8789,1700.0
acc,-0.062,0.0234,0.8867,1700.9
comp,357.88,-34.96,641.24,1704.5
acc,-0.039,-0.035,0.8515,1705.5
acc,-0.039,-0.035,0.8515,1706.4
acc,-0.042,-0.015,0.8906,1707.3
acc,-0.062,0.0429,0.8984,1708.2
gyr,-9,64,4,1709.9
acc,-0.031,-0.031,0.8632,1710.9
acc,-0.023,-0.027,0.8710,1711.8
acc,-0.019,-0.023,0.8828,1712.7
acc,-0.019,-0.023,0.8828,1713.6
gyr,-8,62,3,1716.6
acc,-0.035,-0.042,0.875,1717.6
acc,-0.035,-0.042,0.875,1718.5
acc,-0.046,-0.039,0.8710,1719.4
acc,0.0156,-0.039,0.8632,1720.3
acc,-0.023,-0.058,0.8554,1721.2
comp,357.88,-34.96,641.24,1724.8
acc,-0.031,-0.035,0.8828,1725.7
acc,-0.035,0.0273,0.9179,1726.7
acc,-0.023,-0.046,0.9101,1727.6
acc,-0.039,-0.011,0.8906,1728.5
gyr,-7,65,6,1730.2
acc,-0.031,-0.039,0.8789,1731.1
acc,-0.054,-0.015,0.9218,1732.1
acc,-0.054,-0.015,0.9218,1733.0
acc,-0.035,0.0039,0.8984,1733.9
gyr,-6,63,4,1735.6
acc,-0.031,-0.027,0.9023,1736.5
acc,0.0,-0.039,0.9492,1737.5
acc,-0.042,-0.015,0.9101,1738.4
acc,-0.042,-0.015,0.9101,1739.3
acc,-0.031,-0.031,0.8515,1740.2
comp,357.88,-34.96,641.24,1743.7
acc,-0.035,-0.031,0.8828,1744.7
acc,-0.023,-0.019,0.8515,1745.6
acc,-0.023,-0.019,0.8515,1746.5
acc,-0.046,-0.031,0.8867,1747.4
gyr,-5,60,5,1749.4
acc,-0.027,-0.027,0.8671,1750.3
acc,-0.027,-0.027,0.8671,1751.2
acc,-0.050,-0.027,0.8632,1752.1
acc,-0.027,-0.058,0.8906,1753.0
gyr,-4,64,8,1755.7
acc,-0.015,-0.027,0.8710,1756.7
acc,-0.035,-0.054,0.8437,1757.6
acc,-0.035,-0.054,0.8437,1758.5
acc,-0.007,-0.046,0.8593,1759.4
acc,-0.019,-0.050,0.8906,1760.3
comp,357.88,-34.04,642.16,1763.7
acc,-0.035,-0.023,0.875,1764.6
acc,-0.046,-0.027,0.875,1765.6
acc,-0.066,-0.023,0.8554,1766.5
acc,-0.035,0.0351,0.8281,1767.4
gyr,-8,63,3,1769.5
acc,-0.027,-0.039,0.8632,1770.4
acc,-0.039,-0.035,0.9101,1771.3
acc,-0.019,-0.035,0.9257,1772.3
acc,-0.019,-0.035,0.9257,1773.2
gyr,-9,64,7,1775.1
acc,-0.035,-0.031,0.875,1776.0
acc,-0.035,-0.031,0.875,1776.9
acc,-0.039,-0.035,0.8906,1777.8
acc,-0.023,-0.015,0.9023,1778.7
acc,0.0273,-0.035,0.8476,1779.7
comp,357.88,-34.04,642.16,1783.1
acc,-0.031,-0.031,0.8867,1784.0
acc,-0.019,-0.054,0.8710,1784.9
acc,-0.042,0.0117,0.9062,1785.8
acc,0.0,-0.015,0.8164,1786.7
gyr,-6,61,2,1788.5
acc,-0.039,-0.027,0.8945,1789.4
acc,-0.074,-0.023,0.8828,1790.3
acc,-0.074,-0.023,0.8828,1791.2
acc,-0.089,-0.035,0.8281,1792.2
gyr,-7,65,3,1795.4
acc,-0.035,-0.035,0.875,1796.3
acc,-0.031,-0.031,0.8945,1797.3
acc,0.0195,-0.050,0.8437,1798.2
acc,-0.039,-0.011,0.8789,1799.1
acc,-0.027,-0.062,0.8710,1800.0
comp,357.88,-34.04,642.16,1803.4
acc,-0.027,-0.050,0.8945,1804.3
acc,-0.054,-0.027,0.8906,1805.2
acc,-0.031,-0.007,0.8789,1806.1
acc,-0.031,-0.007,0.8789,1807.0
gyr,-6,63,1,1809.2
acc,-0.039,-0.027,0.9062,1810.1
acc,-0.082,-0.046,0.9101,1811.0
acc,-0.082,-0.046,0.9101,1811.9
acc,-0.046,0.0078,0.9179,1812.8
gyr,-4,67,5,1814.7
acc,-0.031,-0.042,0.8789,1815.6
acc,-0.011,-0.027,0.8789,1816.5
acc,-0.023,0.0078,0.8515,1817.4
acc,-0.074,-0.042,0.9375,1818.4
acc,-0.074,-0.042,0.9375,1819.3
comp,357.88,-34.96,642.16,1822.7
acc,-0.046,-0.027,0.8867,1823.6
acc,-0.035,-0.027,0.9101,1824.5
acc,-0.035,-0.027,0.9101,1825.4
acc,-0.031,-0.027,0.8828,1826.3
gyr,-8,66,4,1828.4
acc,-0.027,-0.039,0.8906,1829.4
acc,-0.027,-0.039,0.8906,1830.3
acc,-0.011,-0.019,0.8828,1831.2
acc,-0.011,-0.015,0.8867,1832.1
gyr,-4,65,5,1833.9
acc,-0.031,-0.035,0.875,1834.9
acc,-0.031,-0.007,0.9414,1835.8
acc,-0.042,-0.007,0.8476,1836.7
acc,-0.039,-0.011,0.8906,1837.6
acc,-0.039,-0.011,0.8906,1838.6
comp,357.88,-34.96,642.16,1841.9
acc,-0.031,-0.035,0.8906,1842.9
acc,-0.046,-0.031,0.8554,1843.8
acc,-0.046,-0.031,0.8554,1844.7
acc,-0.042,-0.023,0.9375,1845.6
gyr,-6,62,7,1847.7
acc,-0.039,-0.031,0.875,1848.6
acc,-0.039,-0.031,0.875,1849.5
acc,-0.019,-0.035,0.8554,1850.4
acc,-0.062,-0.039,0.8867,1851.4
gyr,-4,67,2,1853.3
acc,-0.023,-0.027,0.8671,1854.2
acc,0.0156,-0.046,0.8906,1855.2
acc,0.0117,-0.023,0.8476,1856.1
acc,0.0117,-0.023,0.8476,1857.0
acc,-0.007,-0.023,0.9023,1857.9
comp,357.88,-34.96,642.16,1861.3
acc,-0.031,-0.023,0.8867,1862.2
acc,-0.019,-0.007,0.8632,1863.2
acc,-0.019,-0.007,0.8632,1864.1
acc,-0.015,-0.019,0.8710,1865.0
gyr,-8,63,2,1866.7
acc,-0.031,-0.015,0.8789,1867.6
acc,-0.039,-0.054,0.8867,1868.5
acc,-0.050,-0.019,0.8906,1869.4
acc,-0.050,-0.019,0.8906,1870.3
gyr,-7,64,4,1872.3
acc,-0.023,-0.035,0.8945,1873.3
acc,-0.039,-0.027,0.8867,1874.2
acc,-0.039,-0.027,0.8867,1875.1
acc,-0.019,-0.019,0.8476,1876.0
acc,-0.031,-0.015,0.8515,1876.9
comp,357.88,-34.96,642.16,1880.3
acc,-0.046,-0.019,0.8789,1881.3
acc,-0.039,-0.031,0.9218,1882.2
acc,-0.039,-0.011,0.8671,1883.1
acc,-0.023,-0.011,0.9179,1884.0
gyr,-6,64,8,1886.5
acc,0.0,-0.039,0.8710,1887.4
acc,0.0,-0.039,0.8710,1888.3
acc,-0.066,-0.039,0.8984,1889.3
acc,-0.019,-0.015,0.8632,1890.2
gyr,-8,63,6,1892.0
acc,-0.039,-0.019,0.875,1892.9
acc,-0.042,-0.019,0.8789,1893.8
acc,-0.023,0.0,0.8476,1894.7
acc,-0.023,0.0,0.8476,1895.6
acc,-0.039,-0.070,0.8789,1896.6
comp,357.88,-34.04,641.24,1900.0
acc,-0.031,-0.035,0.8789,1900.9
acc,-0.031,-0.035,0.8789,1901.8
acc,-0.023,-0.050,0.8906,1902.8
acc,-0.027,-0.011,0.8671,1903.7
gyr,-6,63,4,1905.5
acc,-0.035,-0.023,0.875,1906.4
acc,-0.039,0.0117,0.9062,1907.4
acc,-0.042,0.0039,0.875,1908.3
acc,-0.042,0.0039,0.875,1909.2
gyr,-8,63,3,1910.9
acc,-0.050,-0.019,0.9023,1911.8
acc,-0.050,-0.019,0.9023,1912.7
acc,-0.070,-0.011,0.9375,1913.6
acc,-0.023,-0.031,0.9101,1914.5
acc,-0.023,-0.023,0.9101,1915.4
comp,357.88,-34.04,641.24,1918.8
acc,-0.039,-0.035,0.8867,1919.9
acc,-0.027,-0.050,0.9062,1920.8
acc,-0.019,-0.011,0.8242,1921.7
acc,-0.031,0.0,0.8789,1922.6
gyr,-9,65,3,1925.4
acc,-0.035,-0.042,0.875,1926.3
acc,-0.035,-0.042,0.875,1927.3
acc,-0.046,-0.054,0.9062,1928.2
acc,-0.011,-0.035,0.9023,1929.1
gyr,-7,63,5,1930.8
acc,-0.023,-0.031,0.8828,1931.8
acc,-0.027,0.0234,0.8906,1932.7
acc,-0.078,0.0429,0.9375,1933.6
acc,-0.078,0.0429,0.9375,1934.5
acc,-0.042,-0.015,0.8789,1935.4
comp,357.88,-34.04,641.24,1939.3
acc,-0.035,-0.035,0.8906,1940.4
acc,-0.039,-0.019,0.9257,1941.3
acc,-0.031,-0.019,0.8789,1942.2
acc,-0.031,-0.019,0.8789,1943.2
gyr,-9,64,4,1945.1
acc,-0.027,-0.023,0.875,1946.0
acc,-0.007,0.0,0.8671,1946.9
acc,-0.007,0.0,0.8671,1947.8
acc,-0.035,-0.054,0.8789,1948.7
gyr,-10,62,0,1950.4
acc,-0.039,-0.027,0.8789,1951.4
acc,0.0078,-0.031,0.9335,1952.3
acc,0.0039,-0.027,0.8828,1953.2
acc,0.0039,-0.027,0.8828,1954.1
acc,-0.054,-0.035,0.875,1955.0
comp,356.96,-32.2,642.16,1958.4
acc,-0.031,-0.027,0.8789,1959.4
acc,-0.007,-0.019,0.8789,1960.3
acc,-0.007,-0.019,0.8789,1961.3
acc,-0.035,-0.035,0.8867,1962.2
gyr,-6,62,8,1964.1
acc,-0.027,-0.011,0.8984,1965.0
acc,0.0078,-0.027,0.8867,1965.9
acc,-0.015,-0.027,0.875,1966.8
acc,-0.027,-0.046,0.8671,1967.7
gyr,-5,67,5,1969.4
acc,-0.031,-0.042,0.875,1970.4
acc,-0.023,-0.066,0.8945,1971.3
acc,-0.023,-0.066,0.8945,1972.2
acc,-0.035,-0.062,0.8671,1973.1
acc,-0.027,-0.011,0.8710,1974.0
comp,356.96,-32.2,642.16,1978.4
acc,-0.023,-0.015,0.8789,1979.5
acc,-0.023,-0.042,0.8320,1980.5
acc,-0.023,0.0234,0.875,1981.4
acc,-0.035,-0.011,0.8984,1982.3
gyr,-4,63,7,1984.2
acc,-0.023,-0.039,0.8789,1985.2
acc,-0.058,-0.015,0.8945,1986.1
acc,-0.039,-0.050,0.8710,1987.0
acc,-0.039,-0.050,0.8710,1987.9
gyr,-7,67,4,1989.6
acc,-0.042,-0.027,0.8828,1990.5
acc,-0.042,-0.027,0.8828,1991.4
acc,-0.027,0.0078,0.8789,1992.4
acc,-0.050,0.0156,0.9296,1993.3
acc,-0.082,-0.015,0.9140,1994.2
comp,356.96,-32.2,642.16,1998.0
acc,-0.035,-0.019,0.8593,1999.1
acc,-0.035,-0.019,0.8593,2000.0
acc,-0.046,-0.015,0.8906,2000.9
acc,0.0234,-0.058,0.8984,2001.9
gyr,-9,65,5,2003.6
acc,-0.031,-0.035,0.8828,2004.5
acc,-0.035,-0.023,0.9062,2005.4
acc,0.0078,-0.023,0.8945,2006.3
acc,0.0078,-0.023,0.8945,2007.2
gyr,-7,62,6,2009.0
acc,-0.027,-0.031,0.8945,2009.9
acc,-0.035,-0.035,0.8593,2010.8
acc,-0.031,-0.035,0.8476,2011.7
acc,-0.042,-0.007,0.8828,2012.6
acc,-0.042,-0.007,0.8828,2013.6
comp,356.96,-32.2,642.16,2016.9
acc,-0.035,-0.035,0.8828,2017.9
acc,-0.023,0.0117,0.9023,2018.8
acc,-0.027,0.0,0.8828,2019.7
acc,-0.027,0.0,0.8828,2020.6
gyr,-7,62,3,2022.6
acc,-0.035,-0.031,0.8828,2023.6
acc,-0.050,-0.007,0.9023,2024.5
acc,-0.050,-0.007,0.9023,2025.4
acc,-0.050,-0.019,0.9335,2026.3
gyr,-4,63,6,2028.1
acc,-0.031,-0.031,0.8828,2029.0
acc,-0.031,0.0156,0.8984,2029.9
acc,-0.007,0.0078,0.9023,2030.8
acc,-0.007,0.0078,0.9023,2031.7
acc,0.0078,-0.035,0.8984,2032.7
comp,356.96,-32.2,642.16,2036.1
acc,-0.039,-0.027,0.8906,2037.0
acc,-0.019,-0.015,0.9257,2038.0
acc,-0.019,-0.015,0.9257,2038.9
acc,-0.046,-0.031,0.9062,2039.8
gyr,-4,67,2,2041.5
acc,-0.027,-0.039,0.8710,2042.4
acc,0.0468,-0.046,0.8437,2043.3
acc,0.0039,-0.015,0.7851,2044.2
acc,-0.007,-0.023,0.8828,2045.2
gyr,-6,62,3,2046.8
acc,-0.035,-0.035,0.8789,2047.8
acc,-0.035,-0.035,0.8789,2048.7
acc,0.0078,-0.027,0.875,2049.6
acc,-0.042,-0.011,0.8632,2050.5
acc,-0.039,-0.023,0.9101,2051.4
comp,356.96,-32.2,642.16,2055.7
acc,-0.031,-0.039,0.8867,2056.7
acc,0.0117,-0.015,0.8710,2057.6
acc,-0.035,-0.015,0.8476,2058.5
acc,-0.035,-0.015,0.8476,2059.5
gyr,-5,63,5,2061.2
acc,-0.035,-0.031,0.8789,2062.1
acc,-0.042,-0.066,0.8828,2063.0
acc,-0.015,-0.039,0.8945,2063.9
acc,-0.027,-0.015,0.9023,2064.8
gyr,-9,64,3,2066.6
acc,-0.039,-0.027,0.8789,2067.6
acc,0.0351,-0.046,0.8984,2068.5
acc,0.0351,-0.046,0.8984,2069.4
acc,0.0156,-0.035,0.8828,2070.3
acc,-0.027,-0.007,0.8085,2071.2
comp,356.96,-32.2,642.16,2076.1
acc,-0.039,-0.027,0.8867,2077.0
acc,-0.027,-0.015,0.8828,2077.9
acc,-0.027,-0.015,0.8828,2078.8
acc,-0.027,-0.007,0.8828,2079.8
gyr,-8,60,7,2081.5
acc,-0.042,-0.027,0.8906,2082.5
acc,-0.027,0.0156,0.8789,2083.4
acc,-0.054,-0.027,0.9101,2084.3
acc,-0.031,-0.031,0.8710,2085.2
gyr,-4,61,1,2086.9
acc,-0.031,-0.042,0.8867,2087.8
acc,-0.031,-0.042,0.8867,2088.7
acc,-0.035,-0.027,0.8671,2089.7
acc,-0.042,-0.015,0.8476,2090.6
acc,-0.054,0.0078,0.8593,2091.5
comp,356.96,-34.04,642.16,2095.5
acc,-0.031,-0.042,0.8906,2096.4
acc,-0.070,-0.019,0.8867,2097.4
acc,-0.070,-0.019,0.8867,2098.3
acc,-0.035,-0.054,0.8632,2099.2
gyr,-7,63,9,2101.1
acc,-0.031,-0.039,0.8906,2102.0
acc,-0.039,-0.031,0.8632,2102.9
acc,-0.039,-0.019,0.8359,2103.8
acc,-0.058,-0.035,0.8007,2104.7
gyr,-9,66,7,2106.8
acc,-0.039,-0.035,0.8789,2107.8
acc,-0.046,0.0273,0.875,2108.7
acc,-0.035,-0.011,0.8671,2109.6
acc,-0.035,-0.011,0.8671,2110.5
acc,-0.050,-0.023,0.8828,2111.4
comp,356.96,-34.04,642.16,2115.1
acc,-0.015,-0.046,0.875,2116.0
acc,-0.046,-0.093,0.8945,2116.9
acc,-0.046,-0.093,0.8945,2117.8
acc,-0.031,-0.007,0.8671,2118.8
gyr,-8,64,7,2120.6
acc,-0.019,-0.042,0.8671,2121.5
acc,-0.015,-0.039,0.8867,2122.5
acc,-0.035,-0.074,0.8945,2123.4
acc,-0.019,-0.019,0.9257,2124.3
gyr,-7,64,8,2126.4
acc,-0.023,-0.035,0.8828,2127.3
acc,-0.042,-0.027,0.8984,2128.3
acc,0.0078,-0.035,0.8828,2129.2
acc,-0.039,-0.046,0.8710,2130.1
acc,-0.039,-0.046,0.8710,2131.1
comp,356.96,-34.04,642.16,2134.7
acc,-0.027,-0.039,0.8789,2135.7
acc,-0.078,-0.039,0.9101,2136.6
acc,-0.050,-0.097,0.8945,2137.5
acc,-0.050,-0.097,0.8945,2138.4
gyr,-7,64,0,2140.2
acc,-0.027,-0.042,0.8789,2141.1
acc,-0.027,-0.042,0.8789,2142.0
acc,-0.050,0.0078,0.9335,2142.9
acc,-0.027,-0.011,0.8554,2143.8
gyr,-5,61,9,2145.9
acc,-0.035,-0.039,0.8945,2146.8
acc,-0.031,-0.027,0.8867,2147.8
acc,-0.027,-0.011,0.8867,2148.7
acc,-0.007,-0.019,0.8046,2149.6
acc,-0.007,-0.019,0.8046,2150.5
comp,357.88,-34.04,642.16,2153.9
acc,-0.031,-0.023,0.8867,2154.8
acc,-0.031,-0.023,0.9179,2155.8
acc,-0.031,-0.023,0.9179,2156.7
acc,-0.027,-0.011,0.8046,2157.6
gyr,-8,62,3,2159.3
acc,-0.027,-0.035,0.8828,2160.2
acc,-0.039,-0.035,0.9609,2161.1
acc,-0.023,-0.054,0.8984,2162.0
acc,-0.035,-0.035,0.9570,2162.9
gyr,-7,65,6,2165.2
acc,-0.039,-0.027,0.8867,2166.2
acc,-0.062,-0.039,0.8125,2167.1
acc,-0.035,0.0078,0.8906,2168.0
acc,-0.058,-0.015,0.8789,2168.9
acc,-0.058,-0.015,0.8789,2169.8
comp,357.88,-34.04,642.16,2173.4
acc,-0.027,-0.035,0.8789,2174.4
acc,-0.023,-0.015,0.8789,2175.3
acc,0.0039,-0.011,0.8828,2176.2
acc,0.0039,-0.011,0.8828,2177.1
gyr,-8,64,2,2178.8
acc,-0.035,-0.039,0.8671,2179.7
acc,-0.027,-0.031,0.8867,2180.7
acc,-0.023,-0.015,0.8789,2181.6
acc,-0.039,-0.015,0.8554,2182.5
gyr,-7,64,1,2184.6
acc,-0.023,-0.027,0.8632,2185.5
acc,-0.023,-0.027,0.8789,2186.4
acc,0.0039,-0.035,0.8671,2187.3
acc,0.0039,-0.035,0.8671,2188.2
acc,-0.015,-0.031,0.875,2189.2
comp,357.88,-34.04,642.16,2192.5
acc,-0.023,-0.039,0.8867,2193.5
acc,-0.046,-0.054,0.8906,2194.4
acc,-0.046,-0.054,0.8906,2195.3
acc,-0.035,-0.031,0.8945,2196.2
gyr,-6,62,2,2197.9
acc,-0.039,-0.023,0.8789,2198.8
acc,-0.031,-0.019,0.8945,2199.8
acc,-0.035,-0.011,0.8789,2200.7
acc,-0.035,-0.011,0.8789,2201.6
gyr,-5,62,4,2203.9
acc,-0.031,-0.039,0.8828,2204.8
acc,-0.035,-0.023,0.9296,2205.8
acc,-0.085,-0.027,0.8710,2206.7
acc,-0.085,-0.027,0.8710,2207.6
acc,-0.050,-0.046,0.9179,2208.6
comp,357.88,-34.04,642.16,2212.0
acc,-0.039,-0.035,0.8867,2212.9
acc,-0.031,-0.023,0.8710,2213.8
acc,-0.031,-0.023,0.8710,2214.7
acc,-0.035,-0.023,0.9062,2215.6
gyr,-6,66,9,2217.8
acc,-0.019,-0.031,0.8828,2218.7
acc,-0.019,-0.031,0.8828,2219.6
acc,0.0195,-0.050,0.8789,2220.5
acc,-0.023,-0.019,0.875,2221.5
gyr,-9,63,2,2223.5
acc,-0.035,-0.023,0.8828,2224.5
acc,-0.023,-0.019,0.8828,2225.4
acc,-0.042,-0.011,0.7695,2226.3
acc,-0.019,-0.023,0.9140,2227.2
acc,-0.019,-0.023,0.9140,2228.2
comp,357.88,-34.04,642.16,2231.5
acc,-0.027,-0.031,0.8906,2232.5
acc,-0.007,0.0273,0.8867,2233.4
acc,-0.007,0.0273,0.8867,2234.3
acc,-0.039,-0.015,0.8632,2235.2
gyr,-5,65,5,2237.3
acc,-0.035,-0.050,0.8984,2238.3
acc,-0.035,-0.050,0.8984,2239.2
acc,-0.011,-0.058,0.8867,2240.1
acc,-0.027,-0.023,0.9453,2241.0
gyr,-4,65,8,2243.1
acc,-0.023,-0.039,0.8906,2244.0
acc,-0.035,-0.027,0.8437,2245.0
acc,-0.023,-0.011,0.8398,2245.9
acc,-0.019,-0.019,0.8828,2246.8
acc,-0.019,-0.019,0.8828,2247.8
comp,357.88,-34.04,642.16,2251.2
acc,-0.031,-0.035,0.8789,2252.1
acc,-0.023,-0.039,0.8906,2253.0
acc,-0.062,-0.054,0.9531,2253.9
acc,-0.062,-0.054,0.9531,2254.8
gyr,-7,64,5,2256.5
acc,-0.035,-0.023,0.8671,2257.5
acc,-0.035,-0.031,0.8710,2258.5
acc,-0.031,-0.031,0.9531,2259.4
acc,-0.023,-0.042,0.8867,2260.3
gyr,-7,63,5,2263.2
acc,-0.039,-0.035,0.8867,2264.2
acc,-0.062,0.0,0.8789,2265.1
acc,-0.054,-0.011,0.8945,2266.0
acc,-0.054,-0.011,0.8945,2266.9
acc,-0.039,0.0078,0.8476,2267.8
comp,357.88,-34.04,642.16,2271.3
acc,-0.042,-0.042,0.8906,2272.2
acc,-0.042,-0.042,0.8906,2273.2
acc,-0.027,-0.027,0.9335,2274.1
acc,-0.031,0.0078,0.9257,2275.0
gyr,-6,63,3,2277.1
acc,-0.031,-0.039,0.8789,2278.1
acc,-0.031,-0.062,0.8867,2279.0
acc,-0.015,-0.019,0.875,2279.9
acc,-0.011,-0.031,0.8867,2280.8
gyr,-9,64,8,2282.7
acc,-0.039,-0.035,0.8828,2283.7
acc,-0.027,-0.011,0.9375,2284.6
acc,-0.039,-0.058,0.8906,2285.5
acc,-0.039,-0.058,0.8906,2286.4
acc,-0.023,-0.015,0.9140,2287.3
comp,357.88,-34.04,642.16,2290.7
acc,-0.023,-0.031,0.8515,2291.8
acc,-0.031,-0.015,0.8945,2292.7
acc,-0.031,-0.015,0.8945,2293.6
acc,-0.007,-0.027,0.8789,2294.5
gyr,-6,60,0,2296.3
acc,-0.023,-0.023,0.8789,2297.2
acc,-0.023,-0.027,0.9648,2298.2
acc,-0.093,-0.054,0.8984,2299.1
acc,-0.027,-0.023,0.8671,2300.0
gyr,-6,62,3,2302.5
acc,-0.035,-0.031,0.8828,2303.4
acc,-0.031,-0.023,0.8828,2304.4
acc,-0.042,-0.039,0.8828,2305.3
acc,-0.031,0.0,0.9023,2306.2
acc,-0.031,0.0,0.9023,2307.1
comp,357.88,-34.04,642.16,2310.7
acc,-0.035,-0.015,0.8828,2311.7
acc,-0.046,-0.058,0.9218,2312.6
acc,-0.027,-0.023,0.9101,2313.5
acc,-0.027,-0.023,0.9101,2314.4
gyr,-5,63,5,2316.2
acc,-0.035,-0.042,0.8710,2317.1
acc,-0.035,-0.042,0.8710,2318.1
acc,-0.015,-0.046,0.8632,2319.0
acc,-0.007,-0.015,0.9414,2319.9
gyr,-8,65,-1,2321.9
acc,-0.039,-0.031,0.8789,2322.8
acc,-0.023,-0.054,0.9218,2323.7
acc,-0.015,-0.007,0.875,2324.6
acc,-0.027,-0.023,0.8554,2325.5
acc,-0.027,-0.023,0.8554,2326.5
comp,357.88,-34.04,642.16,2329.9
acc,-0.035,-0.039,0.8906,2330.9
acc,-0.062,-0.023,0.9101,2331.9
acc,-0.035,-0.027,0.8828,2332.8
acc,-0.035,-0.027,0.8828,2333.7
gyr,-6,61,2,2335.7
acc,-0.035,-0.039,0.875,2336.8
acc,-0.078,-0.019,0.9375,2337.7
acc,-0.078,-0.019,0.9375,2338.6
acc,-0.054,-0.035,0.875,2339.5
gyr,-7,60,5,2341.2
acc,-0.031,-0.035,0.8945,2342.2
acc,-0.058,-0.011,0.9179,2343.1
acc,-0.046,-0.023,0.8593,2344.0
acc,-0.031,-0.031,0.8476,2344.9
acc,-0.031,-0.031,0.8476,2345.8
comp,356.96,-34.96,641.24,2349.2
acc,-0.035,-0.031,0.875,2350.1
acc,0.0156,-0.015,0.8242,2351.0
acc,0.0156,-0.015,0.8242,2351.9
acc,-0.007,-0.023,0.8085,2352.8
gyr,-8,64,4,2355.2
acc,-0.023,-0.039,0.8906,2356.3
acc,-0.023,-0.027,0.8710,2357.3
acc,-0.023,-0.027,0.8710,2358.2
acc,-0.046,-0.023,0.9609,2359.1
gyr,-9,62,4,2360.8
acc,-0.035,-0.019,0.8906,2361.8
acc,-0.042,-0.058,0.8789,2362.7
acc,-0.007,-0.050,0.8906,2363.6
acc,-0.023,-0.050,0.8828,2364.5
acc,-0.023,-0.050,0.8828,2365.4
comp,356.96,-34.96,641.24,2368.8
acc,-0.027,-0.031,0.8828,2369.8
acc,-0.058,-0.023,0.9140,2370.7
acc,-0.066,-0.023,0.9101,2371.6
acc,-0.066,-0.023,0.9101,2372.5
gyr,-5,66,4,2374.6
acc,-0.019,-0.039,0.8789,2375.5
acc,-0.023,-0.023,0.8945,2376.5
acc,-0.023,-0.023,0.8945,2377.4
acc,-0.066,-0.035,0.8828,2378.3
gyr,-6,63,6,2380.0
acc,-0.031,-0.039,0.8945,2380.9
acc,-0.007,-0.058,0.8945,2381.8
acc,-0.042,-0.015,0.8906,2382.7
acc,-0.042,-0.015,0.8906,2383.6
acc,-0.054,-0.058,0.8906,2384.6
comp,356.96,-34.96,641.24,2387.9
acc,-0.042,-0.035,0.8867,2388.9
acc,0.0195,-0.023,0.8789,2389.8
acc,0.0195,-0.023,0.8789,2390.7
acc,-0.042,-0.023,0.9335,2391.6
gyr,-7,61,2,2394.2
acc,-0.035,-0.039,0.8945,2395.2
acc,-0.023,-0.015,0.9257,2396.1
acc,-0.023,-0.015,0.9257,2397.0
acc,-0.054,0.0,0.875,2397.9
gyr,-4,61,7,2399.6
acc,-0.023,-0.031,0.8867,2400.6
acc,-0.027,-0.046,0.8945,2401.5
acc,-0.035,-0.015,0.9453,2402.4
acc,-0.023,0.0,0.9257,2403.3
acc,-0.023,0.0,0.9257,2404.3
comp,356.96,-34.96,641.24,2407.7
acc,-0.039,-0.035,0.8710,2408.7
acc,-0.035,-0.027,0.9062,2409.6
acc,-0.039,-0.015,0.8242,2410.5
acc,-0.039,-0.015,0.8242,2411.4
gyr,-6,63,2,2413.2
acc,-0.035,-0.035,0.875,2414.1
acc,-0.035,-0.035,0.875,2415.1
acc,-0.042,-0.035,0.8945,2416.0
acc,-0.042,-0.023,0.9453,2416.9
gyr,-5,62,4,2418.6
acc,-0.031,-0.031,0.8906,2419.5
acc,-0.015,-0.039,0.8632,2420.4
acc,-0.027,-0.039,0.8828,2421.3
acc,-0.027,-0.039,0.8828,2422.2
acc,-0.082,-0.035,0.8867,2423.1
comp,357.88,-36.8,647.68,2426.5
acc,-0.031,-0.042,0.8867,2427.5
acc,-0.031,-0.042,0.8867,2428.4
acc,-0.031,-0.007,0.8320,2429.3
acc,-0.027,-0.007,0.9101,2430.2
gyr,-9,63,5,2431.9
acc,-0.035,-0.039,0.8828,2432.9
acc,-0.011,0.0,0.875,2433.8
acc,0.0156,-0.042,0.8515,2434.7
acc,0.0156,-0.042,0.8515,2435.6
gyr,-6,62,4,2437.3
acc,-0.031,-0.023,0.8828,2438.2
acc,-0.011,-0.035,0.8906,2439.1
acc,0.0156,-0.046,0.8906,2440.0
acc,-0.027,-0.007,0.8945,2441.0
acc,-0.027,-0.007,0.8945,2441.9
comp,357.88,-36.8,647.68,2445.6
acc,-0.035,-0.035,0.8789,2446.5
acc,-0.035,-0.035,0.8671,2447.4
acc,-0.093,0.0078,0.8867,2448.4
acc,-0.046,-0.035,0.8789,2449.3
gyr,-8,65,10,2451.0
acc,-0.023,-0.035,0.8984,2451.9
acc,-0.023,-0.035,0.8984,2452.8
acc,-0.015,0.0039,0.8984,2453.7
acc,-0.023,-0.023,0.8828,2454.6
gyr,-4,63,3,2458.0
acc,-0.058,-0.031,0.875,2459.1
acc,-0.058,-0.031,0.875,2460.0
acc,-0.019,0.0078,0.8867,2460.9
acc,-0.011,-0.027,0.9140,2461.8
acc,-0.031,-0.023,0.8906,2462.8
comp,357.88,-36.8,647.68,2466.2
acc,-0.035,-0.031,0.8789,2467.1
acc,-0.042,-0.054,0.8789,2468.0
acc,-0.035,-0.046,0.8906,2468.9
acc,-0.035,-0.046,0.8906,2469.8
gyr,-5,64,6,2471.5
acc,-0.062,-0.042,0.875,2472.4
acc,-0.062,-0.042,0.875,2473.4
acc,-0.031,-0.042,0.9179,2474.3
acc,0.0273,-0.039,0.9765,2475.2
gyr,-8,65,5,2476.9
acc,-0.031,-0.039,0.9023,2477.8
acc,-0.019,-0.015,0.8828,2478.7
acc,-0.046,-0.070,0.9765,2479.6
acc,-0.046,-0.070,0.9765,2480.6
acc,-0.050,-0.023,0.7890,2481.5
comp,356.96,-34.04,642.16,2484.8
acc,-0.046,-0.027,0.8710,2485.8
acc,-0.046,-0.027,0.8710,2486.7
acc,-0.074,-0.027,0.9140,2487.6
acc,-0.046,-0.015,0.9687,2488.5
gyr,-3,63,8,2490.2
acc,-0.039,-0.035,0.8984,2491.2
acc,0.0117,-0.027,0.8906,2492.1
acc,-0.027,0.0078,0.9140,2493.0
acc,-0.027,0.0078,0.9140,2493.9
gyr,-6,60,10,2496.8
acc,-0.039,-0.035,0.8828,2497.7
acc,-0.039,-0.031,0.8632,2498.6
acc,-0.042,-0.027,0.9375,2499.6
acc,0.0,-0.015,0.9414,2500.5
acc,0.0,-0.015,0.9414,2501.4
comp,356.96,-34.04,642.16,2505.0
acc,-0.031,-0.015,0.8906,2505.9
acc,0.0117,-0.035,0.8828,2506.9
acc,-0.031,-0.031,0.8671,2507.8
acc,-0.031,-0.031,0.8671,2508.7
gyr,-7,63,6,2510.4
acc,-0.031,-0.054,0.8906,2511.3
acc,-0.031,-0.054,0.8906,2512.2
acc,-0.023,-0.019,0.9335,2513.1
acc,0.0195,-0.031,0.8437,2514.0
gyr,-7,67,5,2516.0
acc,-0.035,-0.027,0.8828,2517.0
acc,-0.039,-0.019,0.8984,2517.9
acc,-0.023,-0.023,0.8164,2518.8
acc,-0.085,-0.011,0.9023,2519.7
acc,-0.085,-0.011,0.9023,2520.6
comp,356.96,-34.04,642.16,2524.0
acc,-0.035,-0.023,0.8906,2524.9
acc,-0.082,-0.042,0.8945,2525.9
acc,-0.082,-0.042,0.8945,2526.8
acc,-0.019,-0.039,0.8867,2527.7
gyr,-7,65,5,2529.4
acc,-0.039,-0.042,0.8867,2530.3
acc,-0.062,-0.035,0.8710,2531.2
acc,-0.031,-0.015,0.8632,2532.1
acc,-0.066,-0.027,0.8984,2533.0
gyr,-7,62,4,2535.3
acc,-0.019,-0.039,0.8867,2536.2
acc,-0.042,-0.039,0.8945,2537.2
acc,-0.015,-0.027,0.8593,2538.1
acc,-0.015,-0.027,0.8593,2539.0
acc,-0.054,0.0078,0.8867,2539.9
comp,356.04,-34.04,642.16,2543.3
acc,-0.035,-0.031,0.8789,2544.2
acc,-0.039,-0.027,0.8945,2545.2
acc,-0.039,-0.027,0.8945,2546.1
acc,-0.042,0.0078,0.8867,2547.0
gyr,-8,65,4,2549.1
acc,-0.046,-0.039,0.875,2550.1
acc,-0.046,-0.039,0.875,2551.1
acc,0.0234,-0.035,0.8671,2552.0
acc,-0.031,-0.019,0.8984,2553.0
gyr,-5,62,4,2554.8
acc,-0.035,-0.031,0.8671,2555.8
acc,-0.074,-0.046,0.875,2556.7
acc,-0.035,0.0234,0.8984,2557.6
acc,-0.035,-0.015,0.875,2558.5
acc,-0.035,-0.015,0.875,2559.4
comp,356.04,-34.04,642.16,2562.8
acc,-0.042,-0.031,0.8789,2563.7
acc,-0.011,-0.015,0.8671,2564.6
acc,-0.011,-0.015,0.8671,2565.5
acc,-0.031,0.0,0.8515,2566.5
gyr,-8,64,5,2568.6
acc,-0.035,-0.027,0.8867,2569.5
acc,-0.035,-0.027,0.8867,2570.4
acc,-0.019,0.0117,0.8984,2571.4
acc,-0.031,-0.007,0.8828,2572.3
gyr,-10,63,3,2574.2
acc,-0.039,-0.027,0.8828,2575.1
acc,-0.035,-0.050,0.9023,2576.0
acc,-0.015,-0.031,0.8867,2576.9
acc,-0.015,-0.031,0.8867,2577.9
acc,-0.015,-0.011,0.8359,2578.8
comp,356.04,-34.04,642.16,2582.2
acc,-0.015,-0.035,0.8828,2583.1
acc,-0.050,-0.058,1.0039,2584.0
acc,-0.050,-0.058,1.0039,2584.9
acc,-0.058,-0.007,0.9375,2585.8
gyr,-6,63,9,2587.9
acc,-0.031,-0.042,0.875,2588.8
acc,-0.031,-0.042,0.875,2589.8
acc,-0.039,-0.027,0.8789,2590.7
acc,-0.031,-0.019,0.9179,2591.6
gyr,-5,64,5,2593.5
acc,-0.039,-0.039,0.8867,2594.5
acc,0.0,-0.046,0.8789,2595.4
acc,-0.042,-0.023,0.8710,2596.3
acc,-0.042,-0.023,0.8710,2597.2
acc,-0.027,-0.039,0.9023,2598.1
comp,356.04,-34.04,642.16,2601.5
acc,-0.031,-0.039,0.8554,2602.5
acc,-0.050,-0.015,0.9062,2603.4
acc,-0.050,-0.015,0.9062,2604.3
acc,-0.027,-0.015,0.8828,2605.2
gyr,-7,65,7,2606.9
acc,-0.023,-0.031,0.8906,2607.8
acc,-0.031,0.0,0.8710,2608.7
acc,-0.054,-0.019,0.8789,2609.6
acc,-0.054,-0.019,0.8789,2610.6
gyr,-5,66,7,2612.6
acc,-0.035,-0.035,0.8867,2613.6
acc,-0.019,-0.019,0.8984,2614.5
acc,-0.019,-0.019,0.8984,2615.4
acc,-0.023,0.0078,0.9414,2616.3
acc,0.0,0.0234,0.9218,2617.2
comp,358.8,-35.88,641.24,2620.6
acc,-0.023,-0.046,0.8789,2621.5
acc,-0.027,-0.023,0.875,2622.5
acc,-0.070,-0.039,0.8906,2623.4
acc,-0.019,-0.035,0.8593,2624.3
gyr,-6,60,1,2627.0
acc,-0.035,-0.042,0.8828,2628.0
acc,-0.042,0.0273,0.9023,2628.9
acc,-0.042,0.0273,0.9023,2629.8
acc,-0.019,-0.007,0.8554,2630.7
gyr,-8,61,6,2632.6
acc,-0.039,-0.027,0.8710,2633.6
acc,-0.062,-0.035,0.8476,2634.5
acc,-0.007,-0.035,0.9062,2635.4
acc,-0.027,-0.023,0.8710,2636.3
acc,-0.027,-0.023,0.8710,2637.2
comp,358.8,-35.88,641.24,2640.9
acc,-0.031,-0.027,0.8828,2641.8
acc,-0.035,0.0117,0.8828,2642.8
acc,-0.023,-0.019,0.8867,2643.7
acc,-0.023,-0.019,0.8867,2644.6
gyr,-2,63,4,2646.5
acc,-0.046,-0.027,0.8710,2647.5
acc,-0.023,-0.039,0.8906,2648.4
acc,-0.023,-0.039,0.8906,2649.3
acc,-0.046,-0.035,0.8710,2650.2
gyr,-8,64,4,2652.1
acc,-0.035,-0.035,0.8828,2653.1
acc,-0.042,-0.035,0.8828,2654.0
acc,-0.031,-0.015,0.9218,2654.9
acc,-0.039,-0.015,0.9023,2655.8
acc,-0.039,-0.015,0.9023,2656.7
comp,358.8,-35.88,641.24,2660.4
acc,-0.042,-0.015,0.875,2661.3
acc,0.0078,-0.031,0.8281,2662.3
acc,-0.027,-0.019,0.8437,2663.2
acc,-0.031,-0.015,0.8593,2664.1
gyr,-6,63,4,2666.0
acc,-0.019,-0.031,0.8828,2666.9
acc,-0.023,-0.023,0.9101,2667.9
acc,-0.023,-0.023,0.9101,2668.8
acc,-0.007,-0.050,0.9062,2669.7
gyr,-8,64,2,2671.6
acc,-0.027,-0.042,0.8828,2672.6
acc,-0.027,-0.042,0.8828,2673.5
acc,-0.042,-0.007,0.9375,2674.4
acc,-0.027,0.0,0.8789,2675.3
acc,-0.015,-0.054,0.8398,2676.2
comp,356.04,-34.04,642.16,2679.9
acc,-0.035,-0.027,0.875,2680.8
acc,-0.015,-0.019,0.8867,2681.7
acc,-0.019,-0.027,0.9023,2682.6
acc,-0.054,-0.019,0.9023,2683.6
gyr,-8,60,4,2685.4
acc,-0.035,-0.035,0.8789,2686.4
acc,-0.027,-0.019,0.8867,2687.3
acc,-0.027,-0.019,0.8867,2688.3
acc,-0.023,-0.019,0.8867,2689.2
gyr,-6,62,3,2691.1
acc,-0.042,-0.042,0.8828,2692.0
acc,-0.042,-0.042,0.8828,2693.0
acc,-0.019,-0.023,0.8515,2693.9
acc,-0.046,-0.031,0.8906,2694.8
acc,-0.101,0.0273,0.8867,2695.7
comp,356.04,-34.04,642.16,2699.4
acc,-0.023,-0.046,0.875,2700.3
acc,-0.042,-0.039,0.8984,2701.3
acc,0.0195,-0.070,0.8789,2702.2
acc,-0.027,-0.023,0.8710,2703.1
gyr,-8,64,6,2705.0
acc,-0.035,-0.019,0.875,2705.9
acc,-0.039,-0.011,0.8632,2706.8
acc,-0.058,0.0273,0.8515,2707.7
acc,-0.058,0.0273,0.8515,2708.6
gyr,-7,62,0,2710.5
acc,-0.039,-0.027,0.8632,2711.5
acc,-0.039,-0.027,0.8632,2712.4
acc,-0.039,-0.031,0.8632,2713.3
acc,-0.035,-0.054,0.9101,2714.2
acc,-0.011,-0.042,0.7929,2715.1
comp,356.04,-34.04,642.16,2718.7
acc,-0.035,-0.031,0.8945,2719.7
acc,-0.011,-0.023,0.875,2720.6
acc,-0.023,-0.019,0.8437,2721.6
acc,0.0,-0.035,0.9453,2722.5
gyr,-7,65,9,2724.3
acc,-0.027,-0.035,0.8710,2725.3
acc,-0.050,0.0078,0.8828,2726.2
acc,-0.035,-0.042,0.8671,2727.2
acc,-0.035,-0.042,0.8671,2728.1
gyr,-5,65,6,2730.0
acc,-0.039,-0.035,0.8476,2731.0
acc,-0.039,-0.035,0.8476,2731.9
acc,-0.019,-0.015,0.8906,2732.8
acc,-0.019,-0.042,0.8984,2733.7
acc,-0.046,-0.015,0.9140,2734.6
comp,357.88,-34.04,641.24,2738.3
acc,-0.035,-0.039,0.8828,2739.2
acc,-0.039,-0.058,0.8828,2740.2
acc,-0.039,-0.027,0.8945,2741.1
acc,-0.023,-0.023,0.9023,2742.0
gyr,-8,64,4,2743.8
acc,-0.031,-0.035,0.875,2744.8
acc,-0.046,-0.027,0.8046,2745.7
acc,-0.011,-0.027,0.8320,2746.6
acc,-0.011,-0.027,0.8320,2747.5
gyr,-7,64,8,2749.4
acc,-0.027,-0.039,0.8867,2750.4
acc,-0.027,-0.039,0.8867,2751.3
acc,-0.039,-0.027,0.8671,2752.2
acc,-0.023,-0.050,0.9531,2753.2
acc,-0.031,-0.027,0.8671,2754.1
comp,357.88,-34.04,641.24,2757.7
acc,-0.039,-0.042,0.8828,2758.7
acc,-0.035,-0.023,0.8554,2759.6
acc,-0.011,-0.035,0.8789,2760.5
acc,-0.023,-0.035,0.875,2761.4
gyr,-7,65,2,2763.4
acc,-0.031,-0.031,0.8945,2764.3
acc,-0.027,-0.023,0.8984,2765.3
acc,-0.050,-0.050,0.8632,2766.2
acc,-0.050,-0.050,0.8632,2767.1
gyr,-8,63,4,2769.0
acc,-0.027,-0.039,0.8945,2769.9
acc,-0.035,-0.023,0.9062,2770.8
acc,-0.035,-0.023,0.9062,2771.7
acc,-0.039,-0.031,0.8984,2772.6
acc,-0.058,-0.023,0.875,2773.6
comp,357.88,-34.04,641.24,2777.2
acc,-0.027,-0.011,0.8828,2778.1
acc,-0.027,-0.011,0.8828,2779.1
acc,-0.019,-0.019,0.875,2780.0
acc,-0.019,0.0117,0.9257,2780.9
gyr,-5,64,0,2782.7
acc,-0.019,-0.058,0.875,2783.7
acc,-0.031,-0.023,0.8437,2784.6
acc,-0.019,-0.062,0.8945,2785.5
acc,-0.019,-0.062,0.8945,2786.4
gyr,-4,66,2,2788.3
acc,-0.042,-0.027,0.8828,2789.3
acc,-0.042,-0.027,0.8828,2790.2
acc,-0.070,-0.019,0.8671,2791.1
acc,-0.089,-0.035,0.8828,2792.0
acc,-0.050,-0.011,0.9101,2792.9
comp,357.88,-34.04,641.24,2796.5
acc,-0.042,-0.023,0.8867,2797.5
acc,-0.035,-0.035,0.8632,2798.4
acc,-0.042,-0.007,0.8632,2799.3
acc,-0.031,-0.019,0.8671,2800.2
gyr,-4,64,5,2802.1
acc,-0.031,-0.042,0.8828,2803.1
acc,-0.058,-0.046,0.9531,2804.0
acc,-0.074,0.0156,0.8906,2804.9
acc,-0.074,0.0156,0.8906,2805.8
gyr,-7,64,4,2807.7
acc,-0.027,-0.031,0.8906,2808.7
acc,-0.027,-0.031,0.8906,2809.6
acc,-0.035,-0.019,0.9335,2810.5
acc,-0.023,-0.019,0.9062,2811.4
acc,-0.007,-0.011,0.9140,2812.3
comp,357.88,-34.96,642.16,2815.9
acc,-0.035,-0.039,0.875,2816.9
acc,-0.027,-0.015,0.8945,2817.8
acc,-0.074,-0.023,0.8984,2818.7
acc,-0.007,-0.046,0.8867,2819.6
gyr,-7,65,5,2821.6
acc,-0.027,-0.039,0.8593,2822.5
acc,-0.023,-0.011,0.9882,2823.4
acc,-0.042,-0.035,0.9179,2824.3
acc,-0.042,-0.035,0.9179,2825.2
gyr,-4,65,3,2827.2
acc,-0.031,-0.031,0.8945,2828.1
acc,-0.031,-0.031,0.8945,2829.0
acc,-0.039,0.0039,0.8906,2830.0
acc,-0.031,0.0429,0.9101,2830.9
acc,0.0,-0.023,0.9101,2831.8
comp,357.88,-34.96,642.16,2835.4
acc,-0.035,-0.039,0.8867,2836.4
acc,-0.042,-0.027,0.8632,2837.3
acc,0.0039,-0.019,0.9023,2838.2
acc,-0.066,-0.015,0.8945,2839.1
gyr,-10,65,7,2841.0
acc,-0.039,-0.035,0.8789,2841.9
acc,-0.050,-0.015,0.8945,2842.9
acc,-0.031,0.0156,0.9726,2843.8
acc,-0.031,0.0156,0.9726,2844.7
gyr,-7,65,6,2846.6
acc,-0.042,-0.027,0.8789,2847.5
acc,-0.042,-0.027,0.8789,2848.5
acc,-0.035,-0.050,0.8554,2849.4
acc,-0.035,-0.050,0.8789,2850.3
acc,-0.035,-0.039,0.9140,2851.2
comp,357.88,-34.96,642.16,2854.9
acc,-0.027,-0.035,0.8671,2855.8
acc,-0.027,-0.035,0.8671,2856.8
acc,-0.046,-0.011,0.8437,2857.7
acc,-0.035,-0.019,0.8710,2858.6
gyr,-5,64,6,2860.5
acc,-0.035,-0.027,0.8984,2861.4
acc,-0.027,0.0156,0.9023,2862.3
acc,-0.023,0.0,0.8828,2863.2
acc,-0.023,0.0,0.8828,2864.2
gyr,-4,64,7,2866.5
acc,-0.027,-0.023,0.8710,2867.5
acc,-0.070,0.0312,0.8984,2868.4
acc,-0.054,-0.007,0.9453,2869.3
acc,-0.054,-0.007,0.9453,2870.2
acc,0.0156,-0.027,0.8554,2871.1
comp,356.96,-34.04,642.16,2874.7
acc,-0.035,-0.035,0.8945,2875.7
acc,-0.031,-0.039,0.9648,2876.6
acc,-0.031,-0.039,0.9648,2877.5
acc,-0.023,-0.039,0.8593,2878.4
gyr,-3,61,3,2880.3
acc,-0.042,-0.046,0.875,2881.3
acc,-0.042,-0.046,0.875,2882.2
acc,-0.066,-0.035,0.8945,2883.1
acc,-0.019,-0.035,0.9296,2884.0
gyr,-6,64,7,2885.9
acc,-0.039,-0.027,0.875,2886.8
acc,-0.046,-0.035,0.8828,2887.7
acc,-0.062,-0.074,0.8906,2888.7
acc,-0.062,-0.074,0.8906,2889.6
acc,-0.011,-0.035,0.8945,2890.5
comp,356.96,-34.04,642.16,2894.1
acc,-0.035,-0.035,0.8945,2895.0
acc,-0.019,-0.050,0.8828,2895.9
acc,-0.019,-0.050,0.8828,2896.8
acc,0.0156,-0.035,0.8515,2897.8
gyr,-6,64,3,2899.6
acc,-0.035,-0.039,0.8945,2900.6
acc,-0.011,-0.031,0.8867,2901.5
acc,-0.023,-0.031,0.9218,2902.4
acc,0.0078,-0.019,0.8867,2903.4
gyr,-8,63,6,2905.3
acc,-0.023,-0.031,0.8906,2906.3
acc,0.0195,-0.027,0.8515,2907.2
acc,0.0234,-0.054,0.8632,2908.1
acc,0.0234,-0.054,0.8632,2909.1
acc,-0.015,-0.035,0.8320,2910.0
comp,356.96,-34.04,642.16,2913.6
acc,-0.039,-0.035,0.8828,2914.6
acc,0.0,-0.031,0.8906,2915.5
acc,0.0,-0.031,0.8906,2916.4
acc,-0.035,-0.039,0.9062,2917.3
gyr,-6,62,7,2919.2
acc,-0.054,-0.050,0.875,2920.2
acc,-0.054,-0.050,0.875,2921.1
acc,-0.027,-0.015,0.875,2922.0
acc,0.0156,-0.023,0.8437,2923.0
gyr,-7,66,3,2924.9
acc,-0.031,-0.027,0.8828,2925.9
acc,-0.054,-0.027,0.8906,2926.8
acc,-0.039,0.0,0.9257,2927.7
acc,-0.062,-0.019,0.8828,2928.6
acc,-0.062,-0.019,0.8828,2929.5
comp,356.96,-34.04,646.76,2933.2
acc,-0.042,-0.031,0.8867,2934.1
acc,-0.019,-0.023,0.9375,2935.1
acc,-0.035,-0.015,0.8242,2936.0
acc,-0.035,-0.015,0.8242,2936.9
gyr,-7,62,10,2938.8
acc,-0.035,-0.027,0.8828,2939.8
acc,-0.035,-0.027,0.8828,2940.7
acc,-0.031,-0.007,0.875,2941.6
acc,-0.050,-0.027,0.9062,2942.5
gyr,-6,66,4,2944.5
acc,-0.035,-0.031,0.8906,2945.4
acc,-0.042,-0.031,0.8789,2946.3
acc,0.0234,-0.035,0.9257,2947.3
acc,-0.027,-0.015,0.8867,2948.2
acc,-0.027,-0.015,0.8867,2949.1
comp,357.88,-34.04,646.76,2952.8
acc,-0.031,-0.031,0.8828,2953.7
acc,-0.023,0.0,0.8984,2954.6
acc,-0.015,-0.042,0.8593,2955.6
acc,-0.015,-0.042,0.8593,2956.5
gyr,-10,64,9,2958.4
acc,-0.031,-0.031,0.8828,2959.3
acc,-0.031,0.0117,0.8710,2960.3
acc,-0.031,0.0117,0.8710,2961.2
acc,-0.027,0.0039,0.8320,2962.1
gyr,-10,62,5,2964.0
acc,-0.035,-0.039,0.875,2965.0
acc,-0.042,-0.007,0.8828,2965.9
acc,-0.031,0.0,0.8632,2966.8
acc,-0.050,-0.046,0.8593,2967.7
acc,-0.050,-0.046,0.8593,2968.6
comp,357.88,-34.04,646.76,2972.3
acc,-0.035,-0.023,0.8945,2973.3
acc,-0.039,-0.066,0.8906,2974.2
acc,-0.042,-0.007,0.875,2975.1
acc,-0.035,0.0195,0.9140,2976.0
gyr,-6,65,5,2977.9
acc,-0.027,-0.039,0.8906,2978.9
acc,-0.007,-0.035,0.8789,2979.8
acc,-0.007,-0.035,0.8789,2980.7
acc,-0.023,-0.042,0.9062,2981.6
gyr,-7,64,6,2983.6
acc,-0.015,-0.027,0.8632,2984.5
acc,-0.015,-0.027,0.8632,2985.4
acc,-0.042,-0.007,0.9179,2986.4
acc,-0.039,-0.011,0.9062,2987.3
acc,-0.015,-0.011,0.9257,2988.2
comp,357.88,-34.04,646.76,2991.9
acc,-0.031,-0.042,0.8906,2992.9
acc,-0.039,-0.023,0.8398,2993.8
acc,-0.027,-0.019,0.9218,2994.7
acc,-0.027,-0.050,0.8828,2995.6
gyr,-4,63,2,2997.5
acc,-0.039,-0.031,0.8789,2998.5
acc,-0.027,-0.023,0.8710,2999.4
acc,-0.050,-0.019,0.9257,3000.3
acc,-0.050,-0.019,0.9257,3001.2
gyr,-6,66,2,3003.2
acc,-0.035,-0.039,0.8554,3004.1
acc,0.0117,-0.039,0.8789,3005.1
acc,0.0117,-0.039,0.8789,3006.0
acc,-0.058,-0.027,0.8632,3006.9
acc,-0.046,-0.011,0.7773,3007.8
comp,356.96,-34.04,642.16,3011.5
acc,-0.042,-0.023,0.8789,3012.4
acc,-0.042,-0.023,0.8789,3013.4
acc,-0.019,-0.035,0.8789,3014.3
acc,-0.039,-0.019,0.8984,3015.2
gyr,-8,63,2,3017.1
acc,-0.031,-0.031,0.8906,3018.0
acc,-0.039,-0.015,0.8710,3018.9
acc,-0.031,-0.011,0.8984,3019.8
acc,-0.031,-0.011,0.8984,3020.8
gyr,-4,65,5,3022.7
acc,-0.035,-0.027,0.8984,3023.6
acc,-0.035,0.0351,0.8671,3024.6
acc,-0.035,0.0351,0.8671,3025.5
acc,-0.035,-0.058,0.8554,3026.4
acc,-0.031,-0.050,0.8789,3027.3
comp,356.96,-34.04,642.16,3031.0
acc,-0.042,-0.031,0.8828,3032.0
acc,-0.042,-0.031,0.8828,3032.9
acc,-0.023,-0.039,0.9218,3033.8
acc,-0.039,-0.046,0.7968,3034.7
gyr,-7,63,3,3036.6
acc,-0.035,-0.035,0.8906,3037.5
acc,-0.031,-0.046,0.8828,3038.5
acc,0.0156,-0.027,0.875,3039.4
acc,-0.031,0.0,0.8593,3040.3
gyr,-9,62,2,3042.1
acc,-0.035,-0.023,0.8828,3043.1
acc,-0.023,0.0664,0.8632,3044.0
acc,-0.023,0.0664,0.8632,3044.9
acc,-0.035,0.0078,0.8828,3045.8
acc,-0.015,-0.050,0.8906,3046.7
comp,356.96,-34.04,642.16,3050.4
acc,-0.027,-0.035,0.875,3051.4
acc,-0.027,-0.035,0.875,3052.3
acc,-0.035,-0.015,0.8554,3053.2
acc,-0.023,-0.007,0.7773,3054.1
gyr,-6,66,5,3056.0
acc,-0.027,-0.035,0.8828,3056.9
acc,-0.042,-0.007,0.8710,3057.9
acc,-0.023,-0.050,0.9335,3058.8
acc,0.0,-0.007,0.9179,3059.7
gyr,-7,64,6,3061.6
acc,-0.031,-0.035,0.8828,3062.6
acc,-0.035,-0.042,0.8984,3063.5
acc,-0.035,-0.042,0.8984,3064.5
acc,-0.027,-0.035,0.8476,3065.4
acc,-0.015,-0.019,0.7968,3066.3
comp,356.96,-34.04,642.16,3069.9
acc,-0.031,-0.031,0.875,3070.9
acc,-0.078,-0.011,0.8632,3071.8
acc,-0.078,-0.011,0.8632,3072.7
acc,-0.027,-0.046,0.8710,3073.7
gyr,-7,62,5,3075.5
acc,-0.035,-0.027,0.8789,3076.5
acc,-0.050,-0.011,0.9218,3077.4
acc,-0.035,-0.039,0.8867,3078.4
acc,-0.015,-0.031,0.8203,3079.3
gyr,-8,65,3,3081.2
acc,-0.035,-0.039,0.8906,3082.2
acc,-0.007,-0.035,0.8789,3083.1
acc,-0.042,-0.027,0.8710,3084.0
acc,-0.042,-0.027,0.8710,3084.9
acc,-0.027,-0.035,0.875,3085.8
comp,356.96,-34.04,642.16,3089.5
acc,-0.035,-0.027,0.8828,3090.4
acc,0.0195,0.0312,0.8828,3091.4
acc,0.0195,0.0312,0.8828,3092.3
acc,-0.035,0.0,0.8906,3093.2
gyr,-7,66,3,3095.1
acc,-0.035,-0.027,0.8906,3096.1
acc,-0.035,-0.023,0.8593,3097.0
acc,-0.035,-0.015,0.8828,3097.9
acc,-0.031,-0.027,0.8281,3098.8
gyr,-7,64,8,3100.7
acc,-0.035,-0.039,0.8710,3101.7
acc,-0.019,-0.070,0.8906,3102.6
acc,-0.027,-0.050,0.8125,3103.5
acc,-0.027,-0.050,0.8125,3104.4
acc,-0.054,-0.031,0.9648,3105.3
comp,356.96,-34.04,642.16,3109.0
acc,-0.019,-0.039,0.8671,3110.0
acc,-0.015,-0.035,0.8632,3110.9
acc,-0.042,-0.015,0.8476,3111.9
acc,-0.042,-0.015,0.8476,3112.8
gyr,-7,64,4,3114.7
acc,-0.042,-0.035,0.9140,3115.6
acc,-0.042,-0.035,0.9140,3116.6
acc,-0.023,0.0078,0.8906,3117.5
acc,-0.042,-0.011,0.9179,3118.4
gyr,-6,64,5,3120.3
acc,-0.027,-0.039,0.8945,3121.2
acc,-0.042,-0.035,0.9218,3122.2
acc,-0.042,0.0273,0.9062,3123.1
acc,-0.042,0.0273,0.9023,3124.0
acc,-0.042,0.0273,0.9023,3124.9
comp,356.96,-34.04,642.16,3128.6
acc,-0.035,-0.035,0.8789,3129.6
acc,-0.007,-0.019,0.9101,3130.5
acc,-0.035,-0.011,0.8554,3131.4
acc,-0.035,-0.011,0.8554,3132.3
gyr,-4,62,4,3134.2
acc,-0.039,-0.031,0.8789,3135.2
acc,-0.007,-0.046,0.8671,3136.1
acc,-0.007,-0.046,0.8671,3137.0
acc,-0.027,-0.082,0.8867,3138.0
gyr,-7,64,4,3139.9
acc,-0.039,-0.023,0.8867,3140.8
acc,-0.027,-0.023,0.8632,3141.7
acc,0.0546,-0.046,0.8867,3142.7
acc,-0.019,0.0078,0.875,3143.6
acc,-0.019,0.0078,0.875,3144.5
comp,356.96,-34.04,642.16,3148.2
acc,-0.035,-0.031,0.8828,3149.2
acc,-0.054,-0.027,0.8906,3150.1
acc,-0.011,-0.015,0.875,3151.0
acc,-0.050,-0.058,0.9335,3151.9
gyr,-6,63,7,3153.8
acc,-0.039,-0.027,0.8828,3154.8
acc,-0.058,-0.023,0.8945,3155.7
acc,-0.058,-0.023,0.8945,3156.6
acc,-0.015,-0.031,0.8515,3157.5
gyr,-9,64,1,3159.4
acc,-0.027,-0.027,0.8828,3160.4
acc,-0.035,-0.035,0.8945,3161.3
acc,-0.023,-0.019,0.8867,3162.2
acc,-0.031,0.0078,0.8984,3163.1
acc,-0.046,0.0234,0.8867,3164.0
comp,356.96,-34.04,642.16,3167.8
acc,-0.039,-0.031,0.8828,3168.7
acc,-0.031,-0.019,0.8789,3169.7
acc,-0.046,-0.078,0.8828,3170.6
acc,-0.011,-0.023,0.8359,3171.5
gyr,-5,67,7,3173.4
acc,-0.035,-0.042,0.8867,3174.4
acc,-0.042,0.0,0.9023,3175.3
acc,-0.062,-0.007,0.9335,3176.2
acc,-0.062,-0.007,0.9335,3177.1
gyr,-8,64,5,3179.0
acc,-0.027,-0.035,0.9179,3180.0
acc,-0.027,-0.035,0.9179,3180.9
acc,-0.027,-0.011,0.9453,3181.8
acc,-0.054,-0.015,0.8867,3182.7
acc,-0.050,-0.015,0.8632,3183.6
comp,356.96,-34.04,642.16,3187.3
acc,-0.035,-0.042,0.8828,3188.3
acc,-0.027,-0.027,0.875,3189.2
acc,-0.015,-0.027,0.8554,3190.2
acc,-0.035,-0.019,0.9726,3191.1
gyr,-7,62,6,3193.0
acc,-0.027,-0.031,0.8710,3193.9
acc,0.0,0.0156,0.8906,3194.8
acc,-0.035,-0.035,0.875,3195.8
acc,-0.035,-0.035,0.875,3196.7
gyr,-10,63,6,3198.5
acc,-0.031,-0.039,0.875,3199.5
acc,-0.031,-0.039,0.875,3200.4
acc,-0.027,-0.023,0.875,3201.3
acc,-0.023,-0.027,0.9023,3202.2
acc,-0.011,-0.058,0.8984,3203.1
comp,356.96,-33.12,641.24,3206.9
acc,-0.039,-0.050,0.8906,3207.9
acc,-0.039,-0.050,0.8906,3208.8
acc,-0.023,-0.015,0.8242,3209.7
acc,-0.085,-0.023,0.8398,3210.6
gyr,-7,66,5,3212.5
acc,-0.035,-0.035,0.8867,3213.5
acc,-0.062,0.0,0.8867,3214.4
acc,-0.035,0.0234,0.9023,3215.3
acc,-0.027,0.0273,0.8632,3216.3
gyr,-7,64,8,3218.2
acc,-0.023,-0.027,0.8906,3219.1
acc,-0.031,-0.007,0.9375,3220.0
acc,-0.031,-0.007,0.9375,3221.0
acc,-0.035,-0.007,0.9414,3221.9
acc,-0.031,0.0351,0.9023,3222.8
comp,356.96,-33.12,641.24,3226.6
acc,-0.039,-0.031,0.8867,3227.5
acc,-0.050,-0.054,0.9023,3228.5
acc,-0.050,-0.054,0.9023,3229.4
acc,-0.027,-0.035,0.9023,3230.3
gyr,-6,64,4,3232.2
acc,-0.027,-0.035,0.8945,3233.1
acc,-0.027,-0.027,0.8984,3234.0
acc,-0.031,0.0117,0.9921,3235.0
acc,-0.035,0.0039,0.8828,3235.9
gyr,-6,63,6,3237.7
acc,-0.035,-0.035,0.8945,3238.7
acc,-0.058,-0.011,0.9062,3239.6
acc,-0.082,-0.042,0.9375,3240.5
acc,-0.082,-0.042,0.9375,3241.4
acc,-0.050,-0.019,0.8632,3242.3
comp,356.96,-33.12,641.24,3246.1
acc,-0.035,-0.035,0.8867,3247.0
acc,-0.035,-0.015,0.8671,3248.0
acc,-0.035,-0.015,0.8671,3248.9
acc,-0.031,-0.031,0.9726,3249.8
gyr,-5,62,4,3251.7
acc,-0.050,-0.042,0.8789,3252.7
acc,-0.050,-0.042,0.8789,3253.6
acc,0.0,-0.031,0.8359,3254.5
acc,0.0195,-0.050,0.875,3255.4
gyr,-9,62,4,3257.3
acc,-0.031,-0.042,0.8906,3258.3
acc,-0.031,-0.042,0.9726,3259.2
acc,-0.023,-0.023,0.9023,3260.2
acc,-0.023,-0.023,0.9023,3261.1
acc,-0.019,-0.015,0.8828,3262.0
comp,358.8,-34.96,643.08,3265.6
acc,-0.035,-0.027,0.8789,3266.6
acc,0.0,-0.058,0.8945,3267.5
acc,-0.023,-0.035,0.8710,3268.5
acc,-0.023,-0.035,0.8710,3269.4
gyr,-8,66,4,3271.3
acc,-0.023,-0.035,0.8828,3272.2
acc,-0.023,-0.035,0.8828,3273.2
acc,-0.046,-0.019,0.9257,3274.1
acc,-0.031,-0.019,0.8554,3275.0
gyr,-7,63,2,3276.9
acc,-0.039,-0.042,0.8906,3277.8
acc,-0.039,-0.031,0.9257,3278.8
acc,-0.042,0.0039,0.9062,3279.7
acc,-0.023,-0.007,0.8593,3280.6
acc,-0.023,-0.007,0.8593,3281.5
comp,358.8,-34.96,643.08,3285.2
acc,-0.019,-0.035,0.8671,3286.2
acc,0.0156,-0.019,0.8632,3287.1
acc,-0.042,-0.027,0.9609,3288.0
acc,-0.042,-0.027,0.9609,3288.9
gyr,-7,64,6,3290.8
acc,-0.039,-0.035,0.875,3291.8
acc,-0.046,-0.031,0.8515,3292.7
acc,-0.046,-0.031,0.8515,3293.6
acc,0.0039,-0.027,0.8593,3294.5
gyr,-5,64,0,3296.4
acc,-0.031,-0.027,0.8828,3297.4
acc,-0.039,-0.031,0.8828,3298.4
acc,-0.015,-0.031,0.8476,3299.3
acc,-0.031,-0.027,0.8085,3300.2
acc,-0.031,-0.027,0.8085,3301.1
comp,358.8,-34.96,643.08,3304.8
acc,-0.039,-0.035,0.8789,3305.7
acc,-0.046,-0.027,0.8867,3306.7
acc,-0.039,-0.023,1.0156,3307.6
acc,-0.062,-0.011,0.8359,3308.5
gyr,-7,64,6,3310.4
acc,-0.031,-0.035,0.8906,3311.4
acc,-0.023,-0.011,0.9921,3312.3
acc,-0.023,-0.011,0.9921,3313.2
acc,-0.039,-0.035,0.8593,3314.1
gyr,-5,62,6,3316.0
acc,-0.027,-0.031,0.8828,3317.0
acc,-0.027,-0.031,0.8828,3317.9
acc,-0.011,-0.050,0.8554,3318.8
acc,-0.023,-0.105,0.8867,3319.7
acc,-0.062,-0.039,0.9414,3320.6
comp,358.8,-34.96,643.08,3324.4
acc,-0.031,-0.027,0.8867,3325.3
acc,-0.031,-0.054,0.8945,3326.2
acc,-0.074,-0.027,0.9062,3327.2
acc,-0.031,-0.039,0.9023,3328.1
gyr,-5,63,9,3330.0
acc,-0.035,-0.035,0.8867,3330.9
acc,0.0078,-0.058,0.875,3331.9
acc,-0.039,-0.039,0.8398,3332.8
acc,-0.039,-0.039,0.8398,3333.7
gyr,-5,63,6,3335.6
acc,-0.050,-0.042,0.8867,3336.5
acc,-0.050,-0.042,0.8867,3337.5
acc,-0.007,-0.019,0.8710,3338.4
acc,-0.011,-0.023,0.9296,3339.3
acc,-0.027,-0.023,0.9062,3340.2
comp,358.8,-34.96,643.08,3343.9
acc,-0.027,-0.046,0.8828,3344.9
acc,-0.027,-0.046,0.8828,3345.8
acc,-0.046,-0.046,1.0390,3346.7
acc,-0.007,0.0,0.8945,3347.6
gyr,-5,63,4,3349.5
acc,-0.031,-0.039,0.8867,3350.5
acc,-0.007,-0.027,0.8984,3351.4
acc,-0.035,-0.019,0.8710,3352.3
acc,-0.035,-0.019,0.8710,3353.2
gyr,-4,66,7,3355.1
acc,-0.031,-0.031,0.8867,3356.1
acc,-0.031,-0.031,0.8867,3357.0
acc,-0.023,-0.027,0.8789,3357.9
acc,-0.007,-0.039,0.8593,3358.8
acc,-0.027,-0.023,0.8671,3359.7
comp,358.8,-34.96,643.08,3363.5
acc,-0.031,-0.062,0.8828,3364.5
acc,-0.031,-0.062,0.8828,3365.4
acc,-0.011,-0.023,0.8398,3366.3
acc,-0.019,-0.042,0.8710,3367.2
gyr,-8,64,2,3369.1
acc,-0.027,-0.035,0.8789,3370.1
acc,-0.062,-0.054,0.8984,3371.0
acc,-0.007,-0.011,0.9062,3372.0
acc,-0.007,-0.015,0.8203,3372.9
gyr,-7,63,2,3374.8
acc,-0.031,-0.031,0.8710,3375.8
acc,-0.031,-0.015,0.8984,3376.7
acc,-0.031,-0.015,0.8984,3377.6
acc,-0.015,-0.031,0.8320,3378.5
acc,-0.039,0.0117,0.8554,3379.4
comp,358.8,-34.96,643.08,3383.1
acc,-0.035,-0.031,0.8828,3384.0
acc,-0.039,-0.019,0.8789,3385.0
acc,-0.039,-0.019,0.8789,3385.9
acc,0.0195,-0.039,0.8515,3386.8
gyr,-8,64,2,3388.7
acc,-0.031,-0.042,0.8828,3389.6
acc,-0.031,-0.035,0.8828,3390.6
acc,-0.039,-0.015,0.8867,3391.5
acc,-0.039,-0.031,0.8398,3392.4
gyr,-6,62,2,3394.2
acc,-0.039,-0.027,0.8671,3395.2
acc,-0.019,-0.042,0.8945,3396.1
acc,-0.019,-0.042,0.8945,3397.0
acc,-0.031,-0.015,0.8710,3397.9
acc,0.0039,-0.027,0.8789,3398.8
comp,357.88,-34.04,643.08,3402.6
acc,-0.019,-0.031,0.875,3403.6
acc,-0.019,-0.023,0.9062,3404.5
acc,-0.019,-0.023,0.9062,3405.4
acc,-0.019,0.0,0.9687,3406.4
gyr,-6,64,6,3408.2
acc,-0.027,-0.027,0.8671,3409.2
acc,-0.031,-0.023,0.8593,3410.1
acc,-0.027,-0.035,0.8828,3411.0
acc,-0.011,0.0039,0.875,3411.9
gyr,-8,64,1,3413.8
acc,-0.039,-0.031,0.8828,3414.8
acc,-0.066,-0.015,0.8945,3415.7
acc,-0.019,-0.023,0.9140,3416.6
acc,-0.019,-0.023,0.9140,3417.6
acc,-0.011,-0.027,0.8007,3418.5
comp,357.88,-34.04,643.08,3422.2
acc,-0.042,-0.042,0.8828,3423.2
acc,-0.054,-0.027,1.0039,3424.1
acc,-0.050,-0.031,0.8789,3425.0
acc,-0.050,-0.031,0.8789,3425.9
gyr,-7,63,6,3427.8
acc,-0.031,-0.023,0.8984,3428.8
acc,-0.031,-0.023,0.8984,3429.7
acc,-0.019,-0.039,0.9023,3430.6
acc,-0.027,-0.042,0.8945,3431.5
gyr,-7,64,3,3433.4
acc,-0.042,-0.039,0.8828,3434.3
acc,-0.042,-0.023,0.8867,3435.3
acc,-0.035,-0.035,0.8789,3436.2
acc,-0.035,-0.035,0.8789,3437.1
acc,-0.046,-0.015,0.8554,3438.0
comp,357.88,-34.04,643.08,3441.8
acc,-0.035,-0.035,0.875,3442.8
acc,-0.042,-0.023,0.8828,3443.7
acc,-0.031,-0.027,0.8632,3444.6
acc,-0.031,-0.027,0.8632,3445.5
gyr,-6,62,6,3447.5
acc,-0.023,-0.035,0.8828,3448.4
acc,0.0585,-0.054,0.8476,3449.4
acc,0.0585,-0.054,0.8476,3450.3
acc,-0.039,-0.023,0.8476,3451.2
gyr,-5,61,8,3453.1
acc,-0.035,-0.031,0.8867,3454.0
acc,0.0117,-0.027,0.8789,3455.0
acc,-0.011,-0.007,0.9062,3455.9
acc,-0.031,-0.023,0.9179,3456.8
acc,-0.031,-0.023,0.9179,3457.7
comp,356.96,-33.12,641.24,3461.4
acc,-0.031,-0.039,0.8789,3462.3
acc,-0.046,-0.015,0.9062,3463.3
acc,-0.023,-0.015,0.8632,3464.2
acc,-0.042,-0.015,0.9179,3465.1
gyr,-9,62,3,3467.0
acc,-0.035,-0.042,0.8710,3468.0
acc,0.0,-0.031,0.8671,3468.9
acc,0.0,-0.031,0.8671,3469.8
acc,-0.039,-0.062,0.8945,3470.7
gyr,-9,64,5,3472.6
acc,-0.039,-0.011,0.875,3473.5
acc,-0.039,-0.011,0.875,3474.5
acc,-0.058,-0.015,0.9335,3475.4
acc,-0.031,-0.015,0.9414,3476.3
acc,-0.031,-0.054,0.8671,3477.2
comp,356.96,-33.12,641.24,3480.9
acc,-0.027,-0.042,0.8945,3481.9
acc,-0.035,-0.019,0.8945,3482.8
acc,-0.031,-0.015,0.8046,3483.8
acc,0.0117,-0.023,0.8554,3484.7
gyr,-5,63,5,3486.6
acc,-0.039,-0.031,0.8789,3487.6
acc,-0.039,-0.023,0.8867,3488.5
acc,-0.042,-0.015,0.8398,3489.4
acc,-0.042,-0.015,0.8398,3490.3
gyr,-7,63,5,3492.2
acc,-0.023,-0.039,0.8828,3493.2
acc,-0.023,-0.039,0.8828,3494.1
acc,-0.011,-0.023,0.8828,3495.0
acc,-0.015,-0.027,0.9335,3495.9
acc,-0.011,-0.035,0.8359,3496.8
comp,356.96,-33.12,641.24,3500.5
acc,-0.039,-0.027,0.9140,3501.5
acc,-0.039,-0.027,0.9140,3502.4
acc,-0.035,-0.050,0.9101,3503.3
acc,-0.089,-0.039,0.8945,3504.2
gyr,-5,61,2,3506.1
acc,-0.039,-0.023,0.8710,3507.1
acc,0.0039,-0.023,0.8632,3508.0
acc,-0.031,-0.007,0.8671,3508.9
acc,-0.031,-0.007,0.8671,3509.8
gyr,-8,62,6,3511.7
acc,-0.031,-0.027,0.8906,3512.7
acc,-0.011,-0.019,0.8945,3513.6
acc,-0.011,-0.019,0.8945,3514.5
acc,-0.035,-0.035,0.9296,3515.4
acc,-0.031,-0.015,0.9335,3516.3
comp,356.96,-33.12,641.24,3520.1
acc,-0.027,-0.027,0.8867,3521.1
acc,-0.027,-0.027,0.8867,3522.0
acc,-0.042,-0.027,0.9257,3522.9
acc,-0.007,-0.023,0.7890,3523.8
gyr,-7,66,7,3525.7
acc,-0.035,-0.039,0.875,3526.7
acc,-0.054,-0.031,0.9218,3527.6
acc,-0.039,-0.031,0.8593,3528.5
acc,-0.027,-0.039,0.8437,3529.4
gyr,-7,64,3,3531.3
acc,-0.019,-0.042,0.8671,3532.2
acc,-0.042,-0.027,0.9335,3533.2
acc,-0.042,-0.027,0.9335,3534.1
acc,-0.066,-0.035,0.8789,3535.0
acc,-0.031,-0.031,0.8476,3535.9
comp,356.96,-33.12,641.24,3539.7
acc,-0.027,-0.027,0.8984,3540.6
acc,-0.046,-0.023,0.8437,3541.6
acc,-0.046,-0.023,0.8437,3542.5
acc,-0.019,-0.011,0.8320,3543.4
gyr,-8,60,7,3545.3
acc,-0.035,-0.031,0.8984,3546.2
acc,-0.023,-0.035,0.8710,3547.1
acc,-0.019,0.0,0.9570,3548.1
acc,-0.027,0.0,0.8437,3549.0
gyr,-7,65,1,3550.9
acc,-0.046,-0.027,0.8867,3551.8
acc,-0.023,-0.035,0.8828,3552.7
acc,-0.074,-0.015,0.9257,3553.6
acc,-0.074,-0.015,0.9257,3554.6
acc,-0.050,-0.015,0.8593,3555.5
comp,356.96,-33.12,641.24,3559.2
acc,-0.019,-0.042,0.875,3560.2
acc,-0.019,-0.050,0.8828,3561.1
acc,-0.019,-0.050,0.8828,3562.0
acc,-0.023,-0.054,0.8593,3562.9